Authors,Title,Year,Source title,Cited by,Link,Document Type,Publication Stage,Source
"Chen P., Fan D., Selloni A., Carter E.A., Arnold C.B., Zhang Y., Gross A.S., Chelikowsky J.R., Yao N.","Observation of electron orbital signatures of single atoms within metal-phthalocyanines using atomic force microscopy",2023,"Nature Communications",,"https://www.scopus.com/inward/record.uri?eid=2-s2.0-85150665650&doi=10.1038%2fs41467-023-37023-9&partnerID=40&md5=db8373ed7a0099acb59a61bc7a204781",Article,"Final",Scopus
"Zia Uddin S.M., Gupta E., Rahim M., Wang Z., Du Y., Ullah K., Arnold C.B., Mirotznik M., Gu T.","Micro-dispenser-based optical packaging scheme for grating couplers",2023,"Optics Letters",,"https://www.scopus.com/inward/record.uri?eid=2-s2.0-85152562566&doi=10.1364%2fOL.486595&partnerID=40&md5=af97a3848aaf1bd0c07914c5104da692",Article,"Final",Scopus
"Rupp M., Hayashi S., Dashe C., Gupta S., Moini R., Arnold C.B.","Continuous wave laser grooving of cementitious materials",2023,"Applied Physics A: Materials Science and Processing",,"https://www.scopus.com/inward/record.uri?eid=2-s2.0-85147248128&doi=10.1007%2fs00339-023-06414-6&partnerID=40&md5=9cff45e78c6b16a578ce65427abe6a40",Article,"Final",Scopus
"Dutta N.S., Arnold C.B.","Illuminating the Role of Classmates in Reducing the Participation Gender Gap in Lecture-Based Engineering Classes",2022,"IEEE Transactions on Education",,"https://www.scopus.com/inward/record.uri?eid=2-s2.0-85125723462&doi=10.1109%2fTE.2022.3151824&partnerID=40&md5=e8d3706ecffdefef08bc7a777f0c9c56",Article,"Final",Scopus
"Ozden S., Monti S., Tozzini V., Dutta N.S., Gili S., Caggiano N., Link A.J., Pugno N.M., Higgins J., Priestley R.D., Arnold C.B.","Egg protein derived ultralightweight hybrid monolithic aerogel for water purification",2022,"Materials Today",3,"https://www.scopus.com/inward/record.uri?eid=2-s2.0-85136694402&doi=10.1016%2fj.mattod.2022.08.001&partnerID=40&md5=abbd97b5e559a0b18807bdc39ed2ea0c",Article,"Final",Scopus
"Bizmark N., Caggiano N.J., Liu J.X., Arnold C.B., Prud’homme R.K., Datta S.S., Priestley R.D.","Hysteresis in the thermally induced phase transition of cellulose ethers",2022,"Soft Matter",1,"https://www.scopus.com/inward/record.uri?eid=2-s2.0-85136235681&doi=10.1039%2fd2sm00564f&partnerID=40&md5=135f1abacd9251ac4e9e32fa5716f978",Article,"Final",Scopus
"Du X., Florian C., Arnold C.B.","Multi-focal laser processing in transparent materials using an ultrafast tunable acoustic lens",2022,"Optics Letters",1,"https://www.scopus.com/inward/record.uri?eid=2-s2.0-85127438395&doi=10.1364%2fOL.447854&partnerID=40&md5=79d022fddf1e9c65725a2ed343bf053f",Article,"Final",Scopus
"Zhang W., Hou W., Deike L., Arnold C.","Understanding the Rayleigh instability in humping phenomenon during laser powder bed fusion process",2022,"International Journal of Extreme Manufacturing",1,"https://www.scopus.com/inward/record.uri?eid=2-s2.0-85123693038&doi=10.1088%2f2631-7990%2fac466d&partnerID=40&md5=55cb3c92e8397ba288f6107206f4fe5b",Article,"Final",Scopus
"Wang Y., Liu J.X., Gu K., Soman A., Gu T., Arnold C.B., Register R.A., Loo Y.-L., Priestley R.D.","Epitaxially crystallized polyethylene exhibiting near-equilibrium melting temperatures*",2022,"Polymer Engineering and Science",2,"https://www.scopus.com/inward/record.uri?eid=2-s2.0-85123124263&doi=10.1002%2fpen.25890&partnerID=40&md5=e31d1e1af64c050cb2592a47a614469e",Article,"Final",Scopus
"Preimesberger J.I., Arnold C.B.","The Effect of Mechanical Frequency on Piezoelectrochemical Energy Harvesters",2022,"IEEE Transactions on Ultrasonics, Ferroelectrics, and Frequency Control",,"https://www.scopus.com/inward/record.uri?eid=2-s2.0-85122071303&doi=10.1109%2fTUFFC.2021.3136125&partnerID=40&md5=055a181760b177025e87ef232cae02aa",Article,"Final",Scopus
"Du X., Florian C., Arnold C.B.","Parametric study of multi-focal laser processing using an ultrafast tunable acoustic lens",2022,"Proceedings of SPIE - The International Society for Optical Engineering",,"https://www.scopus.com/inward/record.uri?eid=2-s2.0-85131221968&doi=10.1117%2f12.2607973&partnerID=40&md5=22c4d27e18faf8d50a44d7cef6d47eb3",Conference Paper,"Final",Scopus
"Ozden S., Delafontaine L., Asset T., Guo S., Filsinger K.A., Priestley R.D., Atanassov P., Arnold C.B.","Graphene-based catalyst for CO2 reduction: The critical role of solvents in materials design",2021,"Journal of Catalysis",3,"https://www.scopus.com/inward/record.uri?eid=2-s2.0-85119037438&doi=10.1016%2fj.jcat.2021.10.014&partnerID=40&md5=189745c18781f5687c1822a8008770ba",Article,"Final",Scopus
"Chen P., Fan D., Zhang Y., Selloni A., Carter E.A., Arnold C.B., Dankworth D.C., Rucker S.P., Chelikowsky J.R., Yao N.","Breaking a dative bond with mechanical forces",2021,"Nature Communications",13,"https://www.scopus.com/inward/record.uri?eid=2-s2.0-85115705146&doi=10.1038%2fs41467-021-25932-6&partnerID=40&md5=2faabf4b4965dcb7bcb0ad0c141a84cc",Article,"Final",Scopus
"Liu J.X., Bizmark N., Scott D.M., Register R.A., Haataja M.P., Datta S.S., Arnold C.B., Priestley R.D.","Evolution of Polymer Colloid Structure During Precipitation and Phase Separation",2021,"JACS Au",4,"https://www.scopus.com/inward/record.uri?eid=2-s2.0-85139877695&doi=10.1021%2fjacsau.1c00110&partnerID=40&md5=235acf9a58cbc4cef8647955ed285281",Article,"Final",Scopus
"Dutta N.S., Arnold C.B.","Scalable solution processing of amorphous and crystalline chalcogenide films",2021,"Trends in Chemistry",2,"https://www.scopus.com/inward/record.uri?eid=2-s2.0-85105047141&doi=10.1016%2fj.trechm.2021.03.010&partnerID=40&md5=888ca57c01b8bad48729a2eeb80099e4",Review,"Final",Scopus
"Xu X., Ozden S., Bizmark N., Arnold C.B., Datta S.S., Priestley R.D.","A Bioinspired Elastic Hydrogel for Solar-Driven Water Purification",2021,"Advanced Materials",95,"https://www.scopus.com/inward/record.uri?eid=2-s2.0-85103387191&doi=10.1002%2fadma.202007833&partnerID=40&md5=b3e6f0512edbffefbcdc4df839e390b3",Article,"Final",Scopus
"Ozden S., Dutta N.S., Randazzo K., Tsafack T., Arnold C.B., Priestley R.D.","Interfacial Engineering to Tailor the Properties of Multifunctional Ultralight Weight hBN-Polymer Composite Aerogels",2021,"ACS Applied Materials and Interfaces",3,"https://www.scopus.com/inward/record.uri?eid=2-s2.0-85103468913&doi=10.1021%2facsami.0c16866&partnerID=40&md5=13e5522cd504c39cdfa05527113bfca5",Article,"Final",Scopus
"Du X., Kang S., Arnold C.B.","Optimization of ultrafast axial scanning parameters for efficient pulsed laser micro-machining",2021,"Journal of Materials Processing Technology",3,"https://www.scopus.com/inward/record.uri?eid=2-s2.0-85089503043&doi=10.1016%2fj.jmatprotec.2020.116850&partnerID=40&md5=84136b03da7b111731216b4ca1f0eba9",Article,"Final",Scopus
"Owuor P.S., Khan A., Leon C.L.Y., Ozden S., Priestley R., Arnold C., Chopra N., Tiwary C.S.","Roadblocks faced by graphene in replacing graphite in large-scale applications",2021,"Oxford Open Materials Science",2,"https://www.scopus.com/inward/record.uri?eid=2-s2.0-85127015988&doi=10.1093%2foxfmat%2fitab004&partnerID=40&md5=792982abaaf5720319260a80a4e4a3f2",Review,"Final",Scopus
"Preimesberger J.I., Kang S., Chen Y., An K., Arnold C.B.","Investigating Mechano-Electrochemical Coupling Phenomenon in Lithium-Ion Pouch Cells Using In-situ Neutron Diffraction",2021,"ECS Transactions",,"https://www.scopus.com/inward/record.uri?eid=2-s2.0-85116933966&doi=10.1149%2f10401.0075ecst&partnerID=40&md5=b7c33a16c5ad464ce93d2668f7920f6a",Conference Paper,"Final",Scopus
"Turkoz E., Stone H.A., Arnold C.B., Deike L.","Simulation of impulsively induced viscoelastic jets using the Oldroyd-B model",2021,"Journal of Fluid Mechanics",2,"https://www.scopus.com/inward/record.uri?eid=2-s2.0-85100062630&doi=10.1017%2fjfm.2020.1053&partnerID=40&md5=6436d520f9e8e9eab231cb589d42f3f3",Article,"Final",Scopus
"Zhang W., Hou W., Deike L., Arnold C.B.","Using a dual-laser system to create periodic coalescence in laser powder bed fusion",2020,"Acta Materialia",9,"https://www.scopus.com/inward/record.uri?eid=2-s2.0-85092092580&doi=10.1016%2fj.actamat.2020.09.071&partnerID=40&md5=e4abc3242c86f88e5772be41445101a5",Article,"Final",Scopus
"Augustyn V., Wang R., Balke N., Pharr M., Arnold C.B.","Deformation during Electrosorption and Insertion-Type Charge Storage: Origins, Characterization, and Design of Materials for High Power",2020,"ACS Energy Letters",4,"https://www.scopus.com/inward/record.uri?eid=2-s2.0-85095877720&doi=10.1021%2facsenergylett.0c01823&partnerID=40&md5=cfd6c864957b9069aae77ab973dfa307",Review,"Final",Scopus
"Liu X.M., Arnold C.B.","Effects of current density on defect-induced capacity fade through localized plating in lithium-ion batteries",2020,"Journal of the Electrochemical Society",13,"https://www.scopus.com/inward/record.uri?eid=2-s2.0-85092433288&doi=10.1149%2f1945-7111%2fabb838&partnerID=40&md5=1c318a96318ec39c77a02e64f73204a7",Article,"Final",Scopus
"Preimesberger J.I., Kang S., Arnold C.B.","Figures of Merit for Piezoelectrochemical Energy-Harvesting Systems",2020,"Joule",11,"https://www.scopus.com/inward/record.uri?eid=2-s2.0-85090061933&doi=10.1016%2fj.joule.2020.07.019&partnerID=40&md5=0b3e5d2136064d7d48f85bd6ebea11c4",Article,"Final",Scopus
"Zhang W., Wong K., Morales M., Molpeceres C., Arnold C.B.","Implications of using two low-power continuous-wave lasers for polishing",2020,"International Journal of Extreme Manufacturing",7,"https://www.scopus.com/inward/record.uri?eid=2-s2.0-85092460083&doi=10.1088%2f2631-7990%2fab94c6&partnerID=40&md5=bfcaf22572829ccff4d3b2ad60ce94c5",Article,"Final",Scopus
"Kang S.Y., Duocastella M., Arnold C.B.","Variable optical elements for fast focus control",2020,"Nature Photonics",47,"https://www.scopus.com/inward/record.uri?eid=2-s2.0-85089821998&doi=10.1038%2fs41566-020-0684-z&partnerID=40&md5=e4276b4894ef5d9df849a9cbfc1af926",Review,"Final",Scopus
"Dutta N.S., Noel N.K., Arnold C.B.","Crystalline Nature of Colloids in Methylammonium Lead Halide Perovskite Precursor Inks Revealed by Cryo-Electron Microscopy",2020,"Journal of Physical Chemistry Letters",22,"https://www.scopus.com/inward/record.uri?eid=2-s2.0-85089613171&doi=10.1021%2facs.jpclett.0c01975&partnerID=40&md5=54a1c6e75129ed8baf670ae227ba339e",Article,"Final",Scopus
"Dutta N.S., Almeida J.M.P., Mendonça C.R., Arnold C.B.","Effects of disorder on two-photon absorption in amorphous semiconductors",2020,"Optics Letters",3,"https://www.scopus.com/inward/record.uri?eid=2-s2.0-85086540105&doi=10.1364%2fOL.391197&partnerID=40&md5=36abc99e669ff648a7d6c042f097d16a",Article,"Final",Scopus
"Chang W., Park J.H., Dutta N.S., Arnold C.B., Steingart D.A.","Morphological and Chemical Mapping of Columnar Lithium Metal",2020,"Chemistry of Materials",8,"https://www.scopus.com/inward/record.uri?eid=2-s2.0-85090580680&doi=10.1021%2facs.chemmater.9b04385&partnerID=40&md5=114b2619f34479bb4940787264f3ba32",Article,"Final",Scopus
"Wang F., Wang Z., Mao D., Chen M., Li Q., Kananen T., Fang D., Soman A., Hu X., Arnold C.B., Gu T.","Light Emission from Self-Assembled and Laser-Crystallized Chalcogenide Metasurface",2020,"Advanced Optical Materials",6,"https://www.scopus.com/inward/record.uri?eid=2-s2.0-85079731593&doi=10.1002%2fadom.201901236&partnerID=40&md5=33da99b979ec1b4de6f400ba79f22135",Article,"Final",Scopus
"Dutta N.S., Shao P., Gong K., White C.E., Yao N., Arnold C.B.","Understanding solution processing of inorganic materials using cryo-EM",2020,"Optical Materials Express",3,"https://www.scopus.com/inward/record.uri?eid=2-s2.0-85079041880&doi=10.1364%2fOME.10.000119&partnerID=40&md5=63d201bb5826dd2177ff81e04fc647b2",Article,"Final",Scopus
"Song X., Cheng G., Weber D., Pielnhofer F., Lei S., Klemenz S., Yeh Y.-W., Filsinger K.A., Arnold C.B., Yao N., Schoop L.M.","Soft Chemical Synthesis of HxCrS2: An Antiferromagnetic Material with Alternating Amorphous and Crystalline Layers",2019,"Journal of the American Chemical Society",23,"https://www.scopus.com/inward/record.uri?eid=2-s2.0-85072848889&doi=10.1021%2fjacs.9b07503&partnerID=40&md5=b50f00547effa8aaef0c8e764383fcd4",Article,"Final",Scopus
"Noel N.K., Habisreutinger S.N., Pellaroque A., Pulvirenti F., Wenger B., Zhang F., Lin Y.-H., Reid O.G., Leisen J., Zhang Y., Barlow S., Marder S.R., Kahn A., Snaith H.J., Arnold C.B., Rand B.P.","Interfacial charge-transfer doping of metal halide perovskites for high performance photovoltaics",2019,"Energy and Environmental Science",88,"https://www.scopus.com/inward/record.uri?eid=2-s2.0-85073876658&doi=10.1039%2fc9ee01773a&partnerID=40&md5=7aaf63fe97d70a442777c4718baae9e4",Article,"Final",Scopus
"Fu M.K., Chen T.-H., Arnold C.B., Hultmark M.","Experimental investigations of liquid-infused surface robustness under turbulent flow",2019,"Experiments in Fluids",8,"https://www.scopus.com/inward/record.uri?eid=2-s2.0-85067670340&doi=10.1007%2fs00348-019-2747-9&partnerID=40&md5=54a02ac51e66e617fbb8a7b15f22056e",Article,"Final",Scopus
"Turkoz E., Kang S., Du X., Deike L., Arnold C.B.","Reduction of Transfer Threshold Energy for Laser-Induced Jetting of Liquids using Faraday Waves",2019,"Physical Review Applied",4,"https://www.scopus.com/inward/record.uri?eid=2-s2.0-85065501618&doi=10.1103%2fPhysRevApplied.11.054022&partnerID=40&md5=336246614cbbcbf6f7c677472014dbde",Article,"Final",Scopus
"Chen J.W., Lim K., Bandini S.B., Harris G.M., Spechler J.A., Arnold C.B., Fardel R., Schwarzbauer J.E., Schwartz J.","Controlling the Surface Chemistry of a Hydrogel for Spatially Defined Cell Adhesion",2019,"ACS Applied Materials and Interfaces",9,"https://www.scopus.com/inward/record.uri?eid=2-s2.0-85065150383&doi=10.1021%2facsami.9b04023&partnerID=40&md5=63fb2f91329ecdb66d06f5626c458687",Article,"Final",Scopus
"Kang S., Preimesberger J.I., Arnold C.B.","Varying power generation in ultra low-frequency mechanical energy harvesting of piezoelectrochemical materials",2019,"Journal of the Electrochemical Society",2,"https://www.scopus.com/inward/record.uri?eid=2-s2.0-85073242047&doi=10.1149%2f2.0161910jes&partnerID=40&md5=a2a7fa3584220bba2c1733e6ac3f25b3",Article,"Final",Scopus
"Turkoz E., Perazzo A., Deike L., Stone H.A., Arnold C.B.","Deposition-on-contact regime and the effect of donor-acceptor distance during laser-induced forward transfer of viscoelastic liquids",2019,"Optical Materials Express",5,"https://www.scopus.com/inward/record.uri?eid=2-s2.0-85070497973&doi=10.1364%2fOME.9.002738&partnerID=40&md5=1b47108bb922728fe42e8377504592a1",Article,"Final",Scopus
"Wang Y., Jeong H., Chowdhury M., Arnold C.B., Priestley R.D.","Exploiting physical vapor deposition for morphological control in semi-crystalline polymer films",2018,"Polymer Crystallization",14,"https://www.scopus.com/inward/record.uri?eid=2-s2.0-85066133720&doi=10.1002%2fpcr2.10021&partnerID=40&md5=94c2c7ec55c54d0a80087db9cc67f4f9",Review,"Final",Scopus
"Turkoz E., Morales M., Kang S., Perazzo A., Stone H.A., Molpeceres C., Arnold C.B.","Laser-induced forward transfer from healing silver paste films",2018,"Applied Physics Letters",9,"https://www.scopus.com/inward/record.uri?eid=2-s2.0-85057457967&doi=10.1063%2f1.5060717&partnerID=40&md5=30c3602c975850f58c533729eff59511",Article,"Final",Scopus
"Almeida J.M.P., Paula K.T., Arnold C.B., Mendonça C.R.","Sub-wavelength self-organization of chalcogenide glass by direct laser writing",2018,"Optical Materials",11,"https://www.scopus.com/inward/record.uri?eid=2-s2.0-85049910362&doi=10.1016%2fj.optmat.2018.06.068&partnerID=40&md5=dda369ac5c217e11d789c071bcd71bff",Article,"Final",Scopus
"Turkoz E., Kang S., Deike L., Arnold C.B.","Subthreshold laser jetting via flow-focusing in laser-induced forward transfer",2018,"Physical Review Fluids",9,"https://www.scopus.com/inward/record.uri?eid=2-s2.0-85052919945&doi=10.1103%2fPhysRevFluids.3.082201&partnerID=40&md5=5ea078e1dade82b8fcc4fd7eab951d6d",Article,"Final",Scopus
"Turkoz E., Perazzo A., Arnold C.B., Stone H.A.","Salt type and concentration affect the viscoelasticity of polyelectrolyte solutions",2018,"Applied Physics Letters",25,"https://www.scopus.com/inward/record.uri?eid=2-s2.0-85047126380&doi=10.1063%2f1.5026573&partnerID=40&md5=9a2f26e1c73d2df3b3311f53213e0b00",Article,"Final",Scopus
"Chen T.-H., Fardel R., Arnold C.B.","Ultrafast z-scanning for high-efficiency laser micro-machining",2018,"Light: Science and Applications",39,"https://www.scopus.com/inward/record.uri?eid=2-s2.0-85073979039&doi=10.1038%2flsa.2017.181&partnerID=40&md5=7c10a0f6d50fadbf8947e8bb0623724e",Article,"Final",Scopus
"Schiffer Z.J., Arnold C.B.","Characterization and Model of Piezoelectrochemical Energy Harvesting Using Lithium ion Batteries",2018,"Experimental Mechanics",8,"https://www.scopus.com/inward/record.uri?eid=2-s2.0-85019248980&doi=10.1007%2fs11340-017-0291-1&partnerID=40&md5=8b9da0a40037422e1532b795eb22b86c",Article,"Final",Scopus
"Turkoz E., Perazzo A., Kim H., Stone H.A., Arnold C.B.","Impulsively Induced Jets from Viscoelastic Films for High-Resolution Printing",2018,"Physical Review Letters",37,"https://www.scopus.com/inward/record.uri?eid=2-s2.0-85042146738&doi=10.1103%2fPhysRevLett.120.074501&partnerID=40&md5=48d19cd8229d34cddb0235e40635365a",Article,"Final",Scopus
"Jeong H., Chowdhury M., Wang Y., Sezen-Edmonds M., Loo Y.-L., Register R.A., Arnold C.B., Priestley R.D.","Tuning Morphology and Melting Temperature in Polyethylene Films by MAPLE",2018,"Macromolecules",9,"https://www.scopus.com/inward/record.uri?eid=2-s2.0-85041017347&doi=10.1021%2facs.macromol.7b02345&partnerID=40&md5=74118b9dfc1653e599574a1d9018a90e",Article,"Final",Scopus
"Dutta N.S., Arnold C.B.","Concentration dependence of As2S3 chalcogenide glass cluster size in amine solution",2018,"RSC Advances",12,"https://www.scopus.com/inward/record.uri?eid=2-s2.0-85055456017&doi=10.1039%2fc8ra07610c&partnerID=40&md5=a379e28ba27898e90a02f882c1d00846",Article,"Final",Scopus
"Liu X.M., Fang A., Haataja M.P., Arnold C.B.","Size dependence of transport non-uniformities on localized plating in lithium-ion batteries",2018,"Journal of the Electrochemical Society",24,"https://www.scopus.com/inward/record.uri?eid=2-s2.0-85046534964&doi=10.1149%2f2.1181805jes&partnerID=40&md5=31f532509d103c29445b9013c92d4f2a",Article,"Final",Scopus
"Kang S., Dotsenko E., Amrhein D., Theriault C., Arnold C.B.","Ultra-high-speed variable focus optics for novel applications in advanced imaging",2018,"Proceedings of SPIE - The International Society for Optical Engineering",7,"https://www.scopus.com/inward/record.uri?eid=2-s2.0-85045310234&doi=10.1117%2f12.2294487&partnerID=40&md5=3d168d4c2e6d40a483c2d38f06d557bf",Conference Paper,"Final",Scopus
"Almeida G.F.B., Almeida J.M.P., Martins R.J., De Boni L., Arnold C.B., Mendonca C.R.","Third-order optical nonlinearities in bulk and fs-laser inscribed waveguides in strengthened alkali aluminosilcate glass",2018,"Laser Physics",8,"https://www.scopus.com/inward/record.uri?eid=2-s2.0-85043517670&doi=10.1088%2f1555-6611%2faa8ac2&partnerID=40&md5=03de41d30919b86a2309755cb9d82ffd",Article,"Final",Scopus
"Bandini S.B., Spechler J.A., Donnelly P.E., Lim K., Arnold C.B., Schwarzbauer J.E., Schwartz J.","Perforation Does Not Compromise Patterned Two-Dimensional Substrates for Cell Attachment and Aligned Spreading",2017,"ACS Biomaterials Science and Engineering",2,"https://www.scopus.com/inward/record.uri?eid=2-s2.0-85038213200&doi=10.1021%2facsbiomaterials.7b00339&partnerID=40&md5=f658dc5287157d8ebba854fb982e8e2e",Article,"Final",Scopus
"Lee K.M., Fardel R., Zhao L., Arnold C.B., Rand B.P.","Enhanced outcoupling in flexible organic light-emitting diodes on scattering polyimide substrates",2017,"Organic Electronics",37,"https://www.scopus.com/inward/record.uri?eid=2-s2.0-85030558088&doi=10.1016%2fj.orgel.2017.09.042&partnerID=40&md5=06df0f70c6fd05d66e1554941398c104",Article,"Final",Scopus
"Turkoz E., Deike L., Arnold C.B.","Comparison of jets from Newtonian and non-Newtonian fluids induced by blister-actuated laser-induced forward transfer (BA-LIFT)",2017,"Applied Physics A: Materials Science and Processing",10,"https://www.scopus.com/inward/record.uri?eid=2-s2.0-85029722764&doi=10.1007%2fs00339-017-1252-3&partnerID=40&md5=28de84dc3c40652e4b95cd9cab79ee90",Article,"Final",Scopus
"Gu T., Gao J., Ostroumov E.E., Jeong H., Wu F., Fardel R., Yao N., Priestley R.D., Scholes G.D., Loo Y.-L., Arnold C.B.","Photoluminescence of Functionalized Germanium Nanocrystals Embedded in Arsenic Sulfide Glass",2017,"ACS Applied Materials and Interfaces",10,"https://www.scopus.com/inward/record.uri?eid=2-s2.0-85020243980&doi=10.1021%2facsami.7b02520&partnerID=40&md5=c2d60ad6e45020ed14188fc398eb2f18",Article,"Final",Scopus
"Chen T.-H., Ault J.T., Stone H.A., Arnold C.B.","High-speed axial-scanning wide-field microscopy for volumetric particle tracking velocimetry",2017,"Experiments in Fluids",7,"https://www.scopus.com/inward/record.uri?eid=2-s2.0-85016792899&doi=10.1007%2fs00348-017-2316-z&partnerID=40&md5=bf0683287bb36dcd3ddec87e3ea8f129",Article,"Final",Scopus
"Fu M.K., Fan Y., Byers C.P., Chen T.-H., Arnold C.B., Hultmark M.","Elastic filament velocimetry (EFV)",2017,"Measurement Science and Technology",7,"https://www.scopus.com/inward/record.uri?eid=2-s2.0-85011009000&doi=10.1088%2f1361-6501%2f28%2f2%2f025301&partnerID=40&md5=cdbcd23e1c797e69ef7f294146378c99",Article,"Final",Scopus
"Duocastella M., Arnold C.B., Puchalla J.","Selectable light-sheet uniformity using tuned axial scanning",2017,"Microscopy Research and Technique",8,"https://www.scopus.com/inward/record.uri?eid=2-s2.0-84997017402&doi=10.1002%2fjemt.22795&partnerID=40&md5=c378e997a786aeb148aa775e728df5c2",Article,"Final",Scopus
"Chen T.-H., Tsai Y.-C., Fardel R., Arnold C.B.","Generation of nanoscale anticounterfeiting patterns on silicon by optical trap assisted nanopatterning",2017,"Journal of Laser Applications",1,"https://www.scopus.com/inward/record.uri?eid=2-s2.0-84994851675&doi=10.2351%2f1.4966590&partnerID=40&md5=8c917083401f0d048dc3ec8d8bb073c7",Article,"Final",Scopus
"Gu T., Jeong H., Yang K., Wu F., Yao N., Priestley R.D., White C.E., Arnold C.B.","Anisotropic crystallization in solution processed chalcogenide thin film by linearly polarized laser",2017,"Applied Physics Letters",14,"https://www.scopus.com/inward/record.uri?eid=2-s2.0-85010636164&doi=10.1063%2f1.4975067&partnerID=40&md5=af56ac3996eb4be4624fe359c1e3677d",Article,"Final",Scopus
"Jeong H., Napolitano S., Arnold C.B., Priestley R.D.","Irreversible Adsorption Controls Crystallization in Vapor-Deposited Polymer Thin Films",2017,"Journal of Physical Chemistry Letters",24,"https://www.scopus.com/inward/record.uri?eid=2-s2.0-85018192859&doi=10.1021%2facs.jpclett.6b02573&partnerID=40&md5=ce12ab7de3c2a94c18702901dd30cb94",Article,"Final",Scopus
"Turkoz E., Perazzo A., Kim H., Stone H.A., Arnold C.B.","Viscoelastic polymer jets induced by blister-actuated laser-induced forward transfer (BA-LIFT)",2017,"Optics InfoBase Conference Papers",,"https://www.scopus.com/inward/record.uri?eid=2-s2.0-85039896600&partnerID=40&md5=94b41f8a78384a9f53a6863ce08e40cb",Conference Paper,"Final",Scopus
"Arnold C.B.","Mechanical phenomena and their effects on electrochemical performance in Li-ion battery systems",2017,"34th Annual International Battery Seminar and Exhibit",,"https://www.scopus.com/inward/record.uri?eid=2-s2.0-85035199144&partnerID=40&md5=c83ec934880502b2d495bcaec86d1428",Conference Paper,"Final",Scopus
"Lee K.M., Fardel R., Zhao L., Arnold C., Rand B.","Outcoupling enhancement in white organic light-emitting diodes on scattering polyimide substrates",2017,"Optics InfoBase Conference Papers",,"https://www.scopus.com/inward/record.uri?eid=2-s2.0-85035148505&doi=10.1364%2fSSL.2017.SW2C.2&partnerID=40&md5=00cda3fd7a9ae534ef69ec208681e6a3",Conference Paper,"Final",Scopus
"Wei M.-T., Elbaum-Garfinkle S., Holehouse A.S., Chen C.C.-H., Feric M., Arnold C.B., Priestley R.D., Pappu R.V., Brangwynne C.P.","Phase behaviour of disordered proteins underlying low density and high permeability of liquid organelles",2017,"Nature Chemistry",295,"https://www.scopus.com/inward/record.uri?eid=2-s2.0-85030031088&doi=10.1038%2fNCHEM.2803&partnerID=40&md5=989e5a78148e30cd0c52e468a608b23c",Article,"Final",Scopus
"Nist-Lund C.A., Herb J.T., Arnold C.B.","Improving halide-containing magnesium-ion electrolyte performance via sterically hindered alkoxide ligands",2017,"Journal of Power Sources",3,"https://www.scopus.com/inward/record.uri?eid=2-s2.0-85024879543&doi=10.1016%2fj.jpowsour.2017.07.045&partnerID=40&md5=8a0238ae32cc7e7b47b168b749051e12",Article,"Final",Scopus
"Herb J.T., Nist-Lund C.A., Arnold C.B.","A fluorinated dialkoxide-based magnesium-ion electrolyte",2017,"Journal of Materials Chemistry A",16,"https://www.scopus.com/inward/record.uri?eid=2-s2.0-85021890719&doi=10.1039%2fc7ta01578j&partnerID=40&md5=27225afb5b6b87c82c8650a75ee4bfc1",Article,"Final",Scopus
"Almeida J.M.P., Barbano E.C., Arnold C.B., Misoguti L., Mendonça C.R.","Nonlinear optical waveguides in As2S3-Ag2S chalcogenide glass thin films",2017,"Optical Materials Express",18,"https://www.scopus.com/inward/record.uri?eid=2-s2.0-85008214498&doi=10.1364%2fOME.7.000093&partnerID=40&md5=f854d4cc883723c13781c997000399c8",Article,"Final",Scopus
"Gu T., Gao J., Fardel R., Wu F., Yao N., Loo Y.-L., Arnold C.B.","Laser ablation of germanium in arsenic sulfide solution",2016,"2016 Conference on Lasers and Electro-Optics, CLEO 2016",,"https://www.scopus.com/inward/record.uri?eid=2-s2.0-85010666362&doi=10.1364%2fcleo_at.2016.atu4k.6&partnerID=40&md5=386e0e814b9976cc211b200145c18136",Conference Paper,"Final",Scopus
"Herb J.T., Nist-Lund C.A., Arnold C.B.","A Fluorinated Alkoxyaluminate Electrolyte for Magnesium-Ion Batteries",2016,"ACS Energy Letters",94,"https://www.scopus.com/inward/record.uri?eid=2-s2.0-85021702149&doi=10.1021%2facsenergylett.6b00356&partnerID=40&md5=8c8e5c1bfb6ea8fbf9036e0d2a2387ce",Article,"Final",Scopus
"Jeong H., Shepard K.B., Purdum G.E., Guo Y., Loo Y.-L., Arnold C.B., Priestley R.D.","Additive Growth and Crystallization of Polymer Films",2016,"Macromolecules",16,"https://www.scopus.com/inward/record.uri?eid=2-s2.0-84964777769&doi=10.1021%2facs.macromol.5b02675&partnerID=40&md5=10dc53947840bf9fe081dc851c1d4847",Article,"Final",Scopus
"Munoz-Martin D., Brasz C.F., Chen Y., Morales M., Arnold C.B., Molpeceres C.","Laser-induced forward transfer of high-viscosity silver pastes",2016,"Applied Surface Science",53,"https://www.scopus.com/inward/record.uri?eid=2-s2.0-84959420530&doi=10.1016%2fj.apsusc.2016.01.029&partnerID=40&md5=32a76fb6e99ff932cd0c17f05f9b2cc4",Article,"Final",Scopus
"Duocastella M., Theriault C., Arnold C.B.","Three-dimensional particle tracking via tunable color-encoded multiplexing",2016,"Optics Letters",15,"https://www.scopus.com/inward/record.uri?eid=2-s2.0-84961653808&doi=10.1364%2fOL.41.000863&partnerID=40&md5=a7499efa543ba0764ea2cddd6eac1d3c",Article,"Final",Scopus
"Gu T., Gao J., Fardel R., Wu F., Yao N., Loo Y.-L., Arnold C.B.","Laser ablation of germanium in arsenic sulfide solution",2016,"Optics InfoBase Conference Papers",,"https://www.scopus.com/inward/record.uri?eid=2-s2.0-85136439193&partnerID=40&md5=87d6bac4ff87dc9b737da0c942b19e41",Conference Paper,"Final",Scopus
"Schmidt M., Vollertsen F., Arnold C.B.","Preface",2016,"Physics Procedia",,"https://www.scopus.com/inward/record.uri?eid=2-s2.0-84993964560&doi=10.1016%2fj.phpro.2016.08.001&partnerID=40&md5=3a6382be80b611e8385f6e709b7b5988",Editorial,"Final",Scopus
"Liu X.M., Arnold C.B.","Effects of cycling ranges on stress and capacity fade in lithium-ion pouch cells",2016,"Journal of the Electrochemical Society",29,"https://www.scopus.com/inward/record.uri?eid=2-s2.0-84992220355&doi=10.1149%2f2.1131610jes&partnerID=40&md5=4c1ff71c2a8c7c57f2fef63fcbe96105",Article,"Final",Scopus
"Schiffer Z.J., Cannarella J., Arnold C.B.","Strain derivatives for practical charge rate characterization of lithium ion electrodes",2016,"Journal of the Electrochemical Society",39,"https://www.scopus.com/inward/record.uri?eid=2-s2.0-84955515741&doi=10.1149%2f2.0091603jes&partnerID=40&md5=be535208100aef63c9132c6df9071966",Article,"Final",Scopus
"Spechler J.A., Koh T.-W., Herb J.T., Rand B.P., Arnold C.B.","A Transparent, Smooth, Thermally Robust, Conductive Polyimide for Flexible Electronics",2015,"Advanced Functional Materials",127,"https://www.scopus.com/inward/record.uri?eid=2-s2.0-84947758940&doi=10.1002%2fadfm.201503342&partnerID=40&md5=9f20aa7ec567ef7f3ab26c3ed8c74a22",Article,"Final",Scopus
"Cannarella J., Arnold C.B.","Toward Low-Frequency Mechanical Energy Harvesting Using Energy-Dense Piezoelectrochemical Materials",2015,"Advanced Materials",21,"https://www.scopus.com/inward/record.uri?eid=2-s2.0-84949671643&doi=10.1002%2fadma.201502974&partnerID=40&md5=380eb67c18635b88469ffa335b66bc65",Article,"Final",Scopus
"Smaha R.W., Roudebush J.H., Herb J.T., Seibel E.M., Krizan J.W., Fox G.M., Huang Q., Arnold C.B., Cava R.J.","Tuning Sodium Ion Conductivity in the Layered Honeycomb Oxide Na3-xSn2-xSbxNaO6",2015,"Inorganic Chemistry",24,"https://www.scopus.com/inward/record.uri?eid=2-s2.0-84939455484&doi=10.1021%2facs.inorgchem.5b01186&partnerID=40&md5=bd9a92706b2c5d83dd109161571f14fa",Article,"Final",Scopus
"Koh T.-W., Spechler J.A., Lee K.M., Arnold C.B., Rand B.P.","Enhanced Outcoupling in Organic Light-Emitting Diodes via a High-Index Contrast Scattering Layer",2015,"ACS Photonics",95,"https://www.scopus.com/inward/record.uri?eid=2-s2.0-84942060679&doi=10.1021%2facsphotonics.5b00346&partnerID=40&md5=e06d4b9af7cee9b2d7e306e88a997dac",Article,"Final",Scopus
"Gu T., Lu C., Heinz T., Rodriguez A., Arnold C.","Solution processed chalcogenide photonic crystals",2015,"Conference on Lasers and Electro-Optics Europe - Technical Digest",,"https://www.scopus.com/inward/record.uri?eid=2-s2.0-84954070826&partnerID=40&md5=f3b2981b6780508ead959a62860b0993",Conference Paper,"Final",Scopus
"Chen T.-H., Tsai Y.-C., Fardel R., Arnold C.B.","Elucidating the mechanism of nanocone and nanohole formation on Si by optical trap assisted nanopatterning",2015,"Conference on Lasers and Electro-Optics Europe - Technical Digest",,"https://www.scopus.com/inward/record.uri?eid=2-s2.0-84954067444&partnerID=40&md5=1ecc890feaf65eed4b02778dce8e9f6b",Conference Paper,"Final",Scopus
"Gor G.Y., Cannarella J., Leng C.Z., Vishnyakov A., Arnold C.B.","Swelling and softening of lithium-ion battery separators in electrolyte solvents",2015,"Journal of Power Sources",63,"https://www.scopus.com/inward/record.uri?eid=2-s2.0-84934766888&doi=10.1016%2fj.jpowsour.2015.06.028&partnerID=40&md5=efd919bc6f80a5cdcea9b4fd340392b7",Article,"Final",Scopus
"Spechler J.A., Nagamatsu K.A., Sturm J.C., Arnold C.B.","Improved efficiency of hybrid organic photovoltaics by pulsed laser sintering of silver nanowire network transparent electrode",2015,"ACS Applied Materials and Interfaces",46,"https://www.scopus.com/inward/record.uri?eid=2-s2.0-84930226736&doi=10.1021%2facsami.5b02203&partnerID=40&md5=1ea9936148752e4e9c0473eaa208183e",Article,"Final",Scopus
"Gu T., Lu C., Heinz T., Rodriguez A., Arnold C.","Solution processed chalcogenide photonic crystals",2015,"CLEO: Science and Innovations, CLEO-SI 2015",,"https://www.scopus.com/inward/record.uri?eid=2-s2.0-84935511757&doi=10.1364%2fCLEO_SI.2015.STh1G.8&partnerID=40&md5=fc43ca3d714c17294009f7b8fdecdfe1",Conference Paper,"Final",Scopus
"Chen T.-H., Tsai Y.-C., Fardel R., Arnold C.B.","Elucidating the mechanism of nanocone and nanohole formation on si by optical trap assisted nanopatterning",2015,"CLEO: Applications and Technology, CLEO-AT 2015",,"https://www.scopus.com/inward/record.uri?eid=2-s2.0-84935088537&doi=10.1364%2fCLEO_AT.2015.AM2K.6&partnerID=40&md5=43f96afb45110455a327a2768f6123e7",Conference Paper,"Final",Scopus
"Shepard K.B., Christie D.A., Sosa C.L., Arnold C.B., Priestley R.D.","Patchy Janus particles with tunable roughness and composition via vapor-assisted deposition of macromolecules",2015,"Applied Physics Letters",7,"https://www.scopus.com/inward/record.uri?eid=2-s2.0-84923888608&doi=10.1063%2f1.4913913&partnerID=40&md5=53e5dd0983f2a780ebc2c8497015f541",Article,"Final",Scopus
"Brasz C.F., Yang J.H., Arnold C.B.","Tilting of adjacent laser-induced liquid jets",2015,"Microfluidics and Nanofluidics",30,"https://www.scopus.com/inward/record.uri?eid=2-s2.0-84922000563&doi=10.1007%2fs10404-014-1429-4&partnerID=40&md5=d456ed2836aed5b60edcb94fd660a209",Article,"Final",Scopus
"Giaretta G., Amrhein D., Arnold C.B., Theriault C.","Novel machine vision applications of ultrahigh speed variable focus TAG lenses",2015,"Optics InfoBase Conference Papers",,"https://www.scopus.com/inward/record.uri?eid=2-s2.0-85136248917&partnerID=40&md5=22c3b8af70c224d904adc08cb7e0350b",Conference Paper,"Final",Scopus
"Almeida J.M.P., Lu C., Arnold C.B., Mendonça C.R.","Synthesis of Ag2S nanocrystals in chalcogenide glass and fs-laser micromachining for photonic applications",2015,"Proceedings 2015 European Conference on Lasers and Electro-Optics - European Quantum Electronics Conference, CLEO/Europe-EQEC 2015",,"https://www.scopus.com/inward/record.uri?eid=2-s2.0-85095469504&partnerID=40&md5=f69f3b9fa5c2198ed1e39d0fa557fbf7",Conference Paper,"Final",Scopus
"Almeida J.M.P., Lu C., Mendonça C.R., Arnold C.B.","Single-step synthesis of silver sulfide nanocrystals in arsenic trisulfide",2015,"Optical Materials Express",20,"https://www.scopus.com/inward/record.uri?eid=2-s2.0-84947751113&doi=10.1364%2fOME.5.001815&partnerID=40&md5=7e187d62419aefb44de75e0dd6ccb32d",Article,"Final",Scopus
"Chen T.-H., Theriault C., Arnold C.B.","Ultrahigh speed variable focus lenses for simultaneous multiplane and high depth of field imaging",2015,"Adaptive Optics: Analysis, Methods and Systems, AO 2015",,"https://www.scopus.com/inward/record.uri?eid=2-s2.0-84935073028&doi=10.1364%2fAOMS.2015.AOTh3D.5&partnerID=40&md5=a8d16d3cb65728ad976ab00f81b93967",Conference Paper,"Final",Scopus
"Cannarella J., Arnold C.B.","The effects of defects on localized plating in lithium-ion batteries",2015,"Journal of the Electrochemical Society",134,"https://www.scopus.com/inward/record.uri?eid=2-s2.0-84929468696&doi=10.1149%2f2.1051507jes&partnerID=40&md5=6f2778f421f7fbfb644646eb229b89af",Article,"Final",Scopus
"Herb J.T., Nist-Lund C., Schwartz J., Arnoldb C.B.","Structural effects of magnesium dialkoxides as precursors for magnesium-ion electrolytes",2015,"ECS Electrochemistry Letters",8,"https://www.scopus.com/inward/record.uri?eid=2-s2.0-84928719411&doi=10.1149%2f2.0031506eel&partnerID=40&md5=73969e3eae7699a4e650b9b7efb9e539",Article,"Final",Scopus
"Brasz C.F., Arnold C.B., Stone H.A., Lister J.R.","Early-time free-surface flow driven by a deforming boundary",2015,"Journal of Fluid Mechanics",16,"https://www.scopus.com/inward/record.uri?eid=2-s2.0-84923782639&doi=10.1017%2fjfm.2015.74&partnerID=40&md5=9fa34a0d8d73619c2c8aeef279e398eb",Article,"Final",Scopus
"Lu C., Almeida J.M.P., Yao N., Arnold C.","Fabrication of uniformly dispersed nanoparticle-doped chalcogenide glass",2014,"Applied Physics Letters",17,"https://www.scopus.com/inward/record.uri?eid=2-s2.0-84920273775&doi=10.1063%2f1.4905283&partnerID=40&md5=78162705db1f9ef56995a5662f08a391",Article,"Final",Scopus
"Cannarella J., Arnold C.B.","State of health and charge measurements in lithium-ion batteries using mechanical stress",2014,"Journal of Power Sources",144,"https://www.scopus.com/inward/record.uri?eid=2-s2.0-84904550087&doi=10.1016%2fj.jpowsour.2014.07.003&partnerID=40&md5=1d46a803e3e7ab1a3b241536f88b4982",Article,"Final",Scopus
"Mills E., Cannarella J., Zhang Q., Bhadra S., Arnold C.B., Chou S.Y.","Silicon nanopillar anodes for lithium-ion batteries using nanoimprint lithography with flexible molds",2014,"Journal of Vacuum Science and Technology B: Nanotechnology and Microelectronics",24,"https://www.scopus.com/inward/record.uri?eid=2-s2.0-84949117287&doi=10.1116%2f1.4901878&partnerID=40&md5=29609d1468bb2f8c3dcd2ebfecfba0c8",Article,"Final",Scopus
"Shepard K.B., Arnold C.B., Priestley R.D.","Transport and stability of laser-deposited amorphous polymer nanoglobules",2014,"ACS Macro Letters",7,"https://www.scopus.com/inward/record.uri?eid=2-s2.0-84908527594&doi=10.1021%2fmz500546u&partnerID=40&md5=60df985ceddf8edd8e556c8bb7ab139a",Article,"Final",Scopus
"Theriault C., Guttenfelder J., Arnold C.B.","TAG lens: Revolutionizing optical microscopy with ultra-high speed variable focus",2014,"Microscopy and Microanalysis",2,"https://www.scopus.com/inward/record.uri?eid=2-s2.0-84927949860&doi=10.1017%2fS1431927614007181&partnerID=40&md5=a0058a18cd984fac19eab3bd825cc7ea",Conference Paper,"Final",Scopus
"Min Lee K., Fardel R., Koh T.-W., Spechler J., Herb J., Arnold C., Rand B.","ITO-free flexible organic light emitting diodes with enhanced light outcoupling",2014,"Optics InfoBase Conference Papers",,"https://www.scopus.com/inward/record.uri?eid=2-s2.0-85019534710&doi=10.1364%2fSSL.2016.SSTh2B.2&partnerID=40&md5=99188f6e71e2d0d34f11c8a4fc9fcfa7",Conference Paper,"Final",Scopus
"Almeida J.M.P., Lu C., Arnold C.B., Mendonça C.R.","Synthesis of Ag2S nanocrystals in chalcogenide glass and fs-laser micromachining for photonic applications",2014,"Optics InfoBase Conference Papers",,"https://www.scopus.com/inward/record.uri?eid=2-s2.0-85019532801&partnerID=40&md5=aa8832cd77fe8a98beb0894b3b9bc4f0",Conference Paper,"Final",Scopus
"Zha Y., Lin P.T., Kimerling L., Agarwal A., Arnold C.B.","Inverted-Rib Chalcogenide Waveguides by Solution Process",2014,"ACS Photonics",26,"https://www.scopus.com/inward/record.uri?eid=2-s2.0-84905404218&doi=10.1021%2fph400107s&partnerID=40&md5=9f6ed664d50a976f8d346c25a9eaec72",Article,"Final",Scopus
"Gor G.Y., Cannarella J., Prévost J.H., Arnold C.B.","A model for the behavior of battery separators in compression at different strain/Charge rates",2014,"Journal of the Electrochemical Society",79,"https://www.scopus.com/inward/record.uri?eid=2-s2.0-84923635764&doi=10.1149%2f2.0111411jes&partnerID=40&md5=d9511bbb1f27d0e0d6da81be87608e5e",Article,"Final",Scopus
"Cannarella J., Liu X., Leng C.Z., Sinko P.D., Gor G.Y., Arnold C.B.","Mechanical properties of a battery separator under compression and tension",2014,"Journal of the Electrochemical Society",159,"https://www.scopus.com/inward/record.uri?eid=2-s2.0-84923531475&doi=10.1149%2f2.0191411jes&partnerID=40&md5=d20aeab4ff172753885cb35947761e87",Article,"Final",Scopus
"Cannarella J., Leng C.Z., Arnold C.B.","On the coupling between stress and voltage in lithium-ion pouch cells",2014,"Proceedings of SPIE - The International Society for Optical Engineering",35,"https://www.scopus.com/inward/record.uri?eid=2-s2.0-84906342544&doi=10.1117%2f12.2055152&partnerID=40&md5=15b695362827eab3ce34fc5c73015cb7",Conference Paper,"Final",Scopus
"Cannarella J., Arnold C.B.","Stress evolution and capacity fade in constrained lithium-ion pouch cells",2014,"Journal of Power Sources",348,"https://www.scopus.com/inward/record.uri?eid=2-s2.0-84880911254&doi=10.1016%2fj.jpowsour.2013.06.165&partnerID=40&md5=7566fc3155e731cd4b2ae0459f2e4ffc",Article,"Final",Scopus
"Schleife A., Allen M., Arnold C.B., Durbin S.M., Pryds N., Schneider C.W., Veal T.","Materials Research Society Symposium Proceedings: Preface",2013,"Materials Research Society Symposium Proceedings",,"https://www.scopus.com/inward/record.uri?eid=2-s2.0-84889252530&partnerID=40&md5=3f23973021ba8c98eb836fc622e64606",Editorial,"Final",Scopus
"Arnold C.B., Spechler J.A., Nagamatsu K., Sturm J.C.","Integrated laser processed silver nanowire transparent electrodes with organic electronic devices",2013,"CLEO: Science and Innovations,  CLEO_SI 2013",,"https://www.scopus.com/inward/record.uri?eid=2-s2.0-84887469806&partnerID=40&md5=1271d49dd8c13d135c1e691074bdfe4c",Conference Paper,"Final",Scopus
"Krieger E.M., Cannarella J., Arnold C.B.","A comparison of lead-acid and lithium-based battery behavior and capacity fade in off-grid renewable charging applications",2013,"Energy",117,"https://www.scopus.com/inward/record.uri?eid=2-s2.0-84884588091&doi=10.1016%2fj.energy.2013.08.029&partnerID=40&md5=9112c061298fa3113400b37c523fd7ee",Article,"Final",Scopus
"Zha Y., Waldmann M., Arnold C.B.","A review on solution processing of chalcogenide glasses for optical components",2013,"Optical Materials Express",64,"https://www.scopus.com/inward/record.uri?eid=2-s2.0-84884186256&doi=10.1364%2fOME.3.001259&partnerID=40&md5=555ad00f1b39a8ce601fd92e691ff1f8",Article,"Final",Scopus
"Tsai Y.-C., Fardel R., Panczyk M.M., Furst E.M., Arnold C.B.","Non-spherical particles for optical trap assisted nanopatterning",2013,"Nanotechnology",4,"https://www.scopus.com/inward/record.uri?eid=2-s2.0-84883137740&doi=10.1088%2f0957-4484%2f24%2f37%2f375303&partnerID=40&md5=742e1fcec1d26b3d81163855088ca99d",Article,"Final",Scopus
"Shepard K.B., Arnold C.B., Priestley R.D.","Origins of nanostructure in amorphous polymer coatings via matrix assisted pulsed laser evaporation",2013,"Applied Physics Letters",16,"https://www.scopus.com/inward/record.uri?eid=2-s2.0-84884842762&doi=10.1063%2f1.4821366&partnerID=40&md5=783424fa6deeddba0f896734215efbe5",Article,"Final",Scopus
"Lu C., Recht D., Arnold C.","Generalized model for photoinduced surface structure in amorphous thin films",2013,"Physical Review Letters",15,"https://www.scopus.com/inward/record.uri?eid=2-s2.0-84884266255&doi=10.1103%2fPhysRevLett.111.105503&partnerID=40&md5=023b805b3a6fd3234ffe180e135613df",Article,"Final",Scopus
"Fardel R., Tsai Y.-C., Arnold C.B.","Microbead dynamics in optical trap assisted nanopatterning",2013,"Applied Physics A: Materials Science and Processing",4,"https://www.scopus.com/inward/record.uri?eid=2-s2.0-84878917341&doi=10.1007%2fs00339-012-7200-3&partnerID=40&md5=0283d4a6356d3023104827538e01ffba",Article,"Final",Scopus
"Leitz K.-H., Tsai Y.-C., Flad F., Schäffer E., Quentin U., Alexeev I., Fardel R., Arnold C.B., Schmidt M.","Multiphoton polymerization using optical trap assisted nanopatterning",2013,"Applied Physics Letters",6,"https://www.scopus.com/inward/record.uri?eid=2-s2.0-84879828461&doi=10.1063%2f1.4811704&partnerID=40&md5=34f1312b34f966446beb213bc0f64f6c",Article,"Final",Scopus
"Zha Y., Fingerman S., Cantrell S.J., Arnold C.B.","Pore formation and removal in solution-processed amorphous arsenic sulfide films",2013,"Journal of Non-Crystalline Solids",22,"https://www.scopus.com/inward/record.uri?eid=2-s2.0-84876135303&doi=10.1016%2fj.jnoncrysol.2013.03.014&partnerID=40&md5=d7bb925d95f339e56a57e0530e1cddb5",Article,"Final",Scopus
"Cannarella J., Arnold C.B.","Ion transport restriction in mechanically strained separator membranes",2013,"Journal of Power Sources",110,"https://www.scopus.com/inward/record.uri?eid=2-s2.0-84869102937&doi=10.1016%2fj.jpowsour.2012.10.093&partnerID=40&md5=f60cd2770fb4cdee19a3c67a9114436d",Article,"Final",Scopus
"Shepard K.B., Guo Y., Arnold C.B., Priestley R.D.","Nanostructured morphology of polymer films prepared by Matrix Assisted Pulsed Laser Evaporation",2013,"Applied Physics A: Materials Science and Processing",17,"https://www.scopus.com/inward/record.uri?eid=2-s2.0-84884842844&doi=10.1007%2fs00339-012-7151-8&partnerID=40&md5=7c82afca1cfb025ebc47b0fa6444dedc",Article,"Final",Scopus
"Zha Y., Arnold C.B.","Solution-processing of thick chalcogenidechalcogenide and metal-chalcogenide structures by spin-coating and multilayer lamination",2013,"Optical Materials Express",16,"https://www.scopus.com/inward/record.uri?eid=2-s2.0-84874180071&doi=10.1364%2fOME.3.000309&partnerID=40&md5=3cfb5551008553c6abca1ec6c59ac28a",Article,"Final",Scopus
"Duocastella M., Arnold C.B.","Transient response in ultra-high speed liquid lenses",2013,"Journal of Physics D: Applied Physics",12,"https://www.scopus.com/inward/record.uri?eid=2-s2.0-84873696534&doi=10.1088%2f0022-3727%2f46%2f7%2f075102&partnerID=40&md5=1d9920908bb8ddc1aeb728ecca53c71b",Article,"Final",Scopus
"Duocastella M., Arnold C.B.","Enhanced depth of field laser processing using an ultra-high-speed axial scanner",2013,"Applied Physics Letters",34,"https://www.scopus.com/inward/record.uri?eid=2-s2.0-84874241560&doi=10.1063%2f1.4791593&partnerID=40&md5=e32af5fef780a615fbaa4eca443216e0",Article,"Final",Scopus
"Spechler J.A., Nagamatsu K., Sturm J.C., Arnold C.B.","Integrated laser processed silver nanowire transparent electrodes with organic electronic devices",2013,"2013 Conference on Lasers and Electro-Optics, CLEO 2013",,"https://www.scopus.com/inward/record.uri?eid=2-s2.0-84903765397&doi=10.1364%2fcleo_si.2013.cm1h.2&partnerID=40&md5=2b1ee0d324628d980a41deb3e99c6a40",Conference Paper,"Final",Scopus
"Duocastella M., Arnold C.B.","Free z-focus control laser processing via ultra-high speed axial scanning",2013,"CLEO: Applications and Technology, CLEO_AT 2013",,"https://www.scopus.com/inward/record.uri?eid=2-s2.0-84887562004&doi=10.1364%2fcleo_at.2013.ath3k.2&partnerID=40&md5=d502a4ea35a7becd9e0e614b0c4a928f",Conference Paper,"Final",Scopus
"Tsai Y.-C., Leitz K.-H., Fardel R., Schmidt M., Arnold C.B.","Laser direct-write nanopatterning by near-field multiphoton polymerization using optically trapped microspheres",2012,"2012 Conference on Lasers and Electro-Optics, CLEO 2012",,"https://www.scopus.com/inward/record.uri?eid=2-s2.0-84870387615&partnerID=40&md5=e4ed949020a11e8bcc8b53061fb42318",Conference Paper,"Final",Scopus
"Fardel R., Tsai Y.-C., Arnold C.B.","Measuring the sphere-surface interaction in optical trap assisted nanopatterning",2012,"2012 Conference on Lasers and Electro-Optics, CLEO 2012",,"https://www.scopus.com/inward/record.uri?eid=2-s2.0-84870373967&partnerID=40&md5=8e523e1f223684941d99073ef9c6310b",Conference Paper,"Final",Scopus
"Spechler J., Arnold C.B.","Plasmonic-enhanced pulsed-laser welding of metal nanowire networks for transparent conducting layers",2012,"Laser and Tera-Hertz Science and Technology, LTST 2012",,"https://www.scopus.com/inward/record.uri?eid=2-s2.0-84879110048&partnerID=40&md5=3e059c54a5d3d70df9dd78d98396fadb",Conference Paper,"Final",Scopus
"Pryds N., Arnold C.B.","E-MRS symposium R: ""Laser materials processing for micro and nano applications""",2012,"Applied Surface Science",,"https://www.scopus.com/inward/record.uri?eid=2-s2.0-84864469932&doi=10.1016%2fj.apsusc.2012.07.049&partnerID=40&md5=21d40888e8e8d424704812b1ab2f0794",Editorial,"Final",Scopus
"Waldmann M., Musgraves J.D., Richardson K., Arnold C.B.","Structural properties of solution processed Ge 23Sb 7S 70 glass materials",2012,"Journal of Materials Chemistry",36,"https://www.scopus.com/inward/record.uri?eid=2-s2.0-84864985835&doi=10.1039%2fc2jm32235h&partnerID=40&md5=3cb8b94cead2293331d727f31083f40c",Article,"Final",Scopus
"Duocastella M., Arnold C.B.","Bessel and annular beams for materials processing",2012,"Laser and Photonics Reviews",485,"https://www.scopus.com/inward/record.uri?eid=2-s2.0-84865707741&doi=10.1002%2flpor.201100031&partnerID=40&md5=4daf5b1b3e6adce9874a6a9c188f4e96",Review,"Final",Scopus
"Krieger E.M., Arnold C.B.","Effects of undercharge and internal loss on the rate dependence of battery charge storage efficiency",2012,"Journal of Power Sources",62,"https://www.scopus.com/inward/record.uri?eid=2-s2.0-84859633058&doi=10.1016%2fj.jpowsour.2012.03.029&partnerID=40&md5=0020c5adceedc2678c9f9119e86513c4",Article,"Final",Scopus
"Spechler J.A., Arnold C.B.","Direct-write pulsed laser processed silver nanowire networks for transparent conducting electrodes",2012,"Applied Physics A: Materials Science and Processing",86,"https://www.scopus.com/inward/record.uri?eid=2-s2.0-84864565983&doi=10.1007%2fs00339-012-6958-7&partnerID=40&md5=d599eafb7e5312bbef552cfe814d06df",Article,"Final",Scopus
"Duocastella M., Sun B., Arnold C.B.","Simultaneous imaging of multiple focal planes for three-dimensional microscopy using ultra-high-speed adaptive optics",2012,"Journal of Biomedical Optics",53,"https://www.scopus.com/inward/record.uri?eid=2-s2.0-84866792023&doi=10.1117%2f1.JBO.17.5.050505&partnerID=40&md5=c889f181c20ef4115eae69599ec2e9dd",Article,"Final",Scopus
"Tsai Y.-C., Leitz K.-H., Fardel R., Otto A., Schmidt M., Arnold C.B.","Parallel optical trap assisted nanopatterning on rough surfaces",2012,"Nanotechnology",12,"https://www.scopus.com/inward/record.uri?eid=2-s2.0-84859322461&doi=10.1088%2f0957-4484%2f23%2f16%2f165304&partnerID=40&md5=8133bd8ea2f66a0e0dc222823be1870b",Article,"Final",Scopus
"Tsai Y.-C., Leitz K.-H., Fardel R., Schmidt M., Arnold C.B.","Generating Nanostructures with Multiphoton Absorption Polymerization using Optical Trap Assisted Nanopatterning",2012,"Physics Procedia",3,"https://www.scopus.com/inward/record.uri?eid=2-s2.0-85014455083&doi=10.1016%2fj.phpro.2012.10.087&partnerID=40&md5=0f074bde5eaa3a0ce84515117991079c",Conference Paper,"Final",Scopus
"Tsai Y.-C., Leitz K.-H., Fardel R., Schmidt M., Arnold C.B.","Laser direct-write nanopatterning by near-field multiphoton polymerization using optically trapped microspheres",2012,"CLEO: Science and Innovations, CLEO_SI 2012",,"https://www.scopus.com/inward/record.uri?eid=2-s2.0-84890746081&doi=10.1364%2fcleo_si.2012.ctu1j.5&partnerID=40&md5=667a9875ff3c14a50dc44d61bd67d01c",Conference Paper,"Final",Scopus
"Fardel R., Tsai Y.-C., Arnold A.B.","Measuring the sphere-Surface interaction in optical trap assisted nanopatterning",2012,"CLEO: Science and Innovations, CLEO_SI 2012",,"https://www.scopus.com/inward/record.uri?eid=2-s2.0-84890601601&doi=10.1364%2fcleo_si.2012.cm3l.2&partnerID=40&md5=2bc8aafaa50246e69d5d4a6ca164763d",Conference Paper,"Final",Scopus
"Duocastella M., Sun B., Stone H.A., Arnold C.B.","Simultaneous acquisition of multiple focal planes for real time 3-D microscopy using ultra-high speed adaptive optics",2012,"2012 Conference on Lasers and Electro-Optics, CLEO 2012",,"https://www.scopus.com/inward/record.uri?eid=2-s2.0-84870385464&doi=10.1364%2fcleo_si.2012.ctu3j.3&partnerID=40&md5=38a17700bb0b09485846973a9ac03b4d",Conference Paper,"Final",Scopus
"Brown M.S., Brasz C.F., Ventikos Y., Arnold C.B.","Impulsively actuated jets from thin liquid films for high-resolution printing applications",2012,"Journal of Fluid Mechanics",70,"https://www.scopus.com/inward/record.uri?eid=2-s2.0-84869796148&doi=10.1017%2fjfm.2012.337&partnerID=40&md5=5ebf38f36cde3d3f83b5ea081e7433c1",Article,"Final",Scopus
"Guo Y., Morozov A., Schneider D., Chung J.W., Zhang C., Waldmann M., Yao N., Fytas G., Arnold C.B., Priestley R.D.","Ultrastable nanostructured polymer glasses",2012,"Nature Materials",136,"https://www.scopus.com/inward/record.uri?eid=2-s2.0-84862776665&doi=10.1038%2fnmat3234&partnerID=40&md5=d9a1e18d661f20b28a7c995233d073fa",Article,"Final",Scopus
"Lu Y., Arnold C.B., Grigoropoulos C.P., Stuke M., Yalisove S.M.","Materials Research Society Symposium Proceedings: Preface",2012,"Materials Research Society Symposium Proceedings",,"https://www.scopus.com/inward/record.uri?eid=2-s2.0-84455170663&partnerID=40&md5=e453b841049e425d6593f0c8dc445c7f",Editorial,"Final",Scopus
"Zha Y., Arnold C.B.","Solution-processed 3D chalcogenide glass waveguides",2011,"Optics InfoBase Conference Papers",,"https://www.scopus.com/inward/record.uri?eid=2-s2.0-84894049562&partnerID=40&md5=3babf5e92d6e1247bc497ff7df16dab6",Conference Paper,"Final",Scopus
"Fardel R., Tsai Y.-C., Arnold C.B.","Sub-micron patterning of rough surfaces using optical trap assisted nanopatterning",2011,"Optics InfoBase Conference Papers",,"https://www.scopus.com/inward/record.uri?eid=2-s2.0-84894042120&partnerID=40&md5=fd563130e8c838e9e1357ff68f3b0fa8",Conference Paper,"Final",Scopus
"Brown M.S., Arnold C.B., Ventikos Y.","Experimental and numerical study of the laser-induced printing of liquid materials",2011,"Optics InfoBase Conference Papers",,"https://www.scopus.com/inward/record.uri?eid=2-s2.0-84894034662&partnerID=40&md5=2be2b70a3f3268476ca9d3c263c085e5",Conference Paper,"Final",Scopus
"Waldmann M., Arnold C.B.","Stability of chalcogenide glass solutions for photonic applications",2011,"Optics InfoBase Conference Papers",,"https://www.scopus.com/inward/record.uri?eid=2-s2.0-84894032467&partnerID=40&md5=3e2adc8089d63cec64f4116b376d1f2e",Conference Paper,"Final",Scopus
"Waldmann M., Arnold C.B.","Stability of chalcogenide glass solutions for photonic applications",2011,"Optics InfoBase Conference Papers",,"https://www.scopus.com/inward/record.uri?eid=2-s2.0-84893627014&partnerID=40&md5=e605f5e70d41bb1001355517930f15fc",Conference Paper,"Final",Scopus
"Brown M.S., Arnold C.B., Ventikos Y.","Experimental and numerical study of the laser-induced printing of liquid materials",2011,"Optics InfoBase Conference Papers",,"https://www.scopus.com/inward/record.uri?eid=2-s2.0-84893597012&partnerID=40&md5=18c405c40669c52f79c0dcb61c8a97d9",Conference Paper,"Final",Scopus
"Brown M.S., Arnold C.B., Ventikos Y.","Experimental and numerical study of the laser-induced printing of liquid materials",2011,"Optics InfoBase Conference Papers",,"https://www.scopus.com/inward/record.uri?eid=2-s2.0-84893584189&partnerID=40&md5=369c6fad4b3526f14e48d62cada0fa60",Conference Paper,"Final",Scopus
"Zha Y., Arnold C.B.","Solution-processed 3D chalcogenide glass waveguides",2011,"Optics InfoBase Conference Papers",,"https://www.scopus.com/inward/record.uri?eid=2-s2.0-84893580280&partnerID=40&md5=28c75fef73962cedb6d12fed7c642ad4",Conference Paper,"Final",Scopus
"Duocastella M., Arnold C.B.","Simultaneous recording of multiple focal planes for 3-D microscopy using ultra-high speed adaptive optics",2011,"Optics InfoBase Conference Papers",,"https://www.scopus.com/inward/record.uri?eid=2-s2.0-84893560784&partnerID=40&md5=1b9cc8efa295a23fd66b3745c793264a",Conference Paper,"Final",Scopus
"Zha Y., Arnold C.B.","Solution-processed 3D chalcogenide glass waveguides",2011,"Optics InfoBase Conference Papers",,"https://www.scopus.com/inward/record.uri?eid=2-s2.0-84893556311&partnerID=40&md5=0b32287f6a53c9e34ae110ea8ddaec16",Conference Paper,"Final",Scopus
"Waldmann M., Arnold C.B.","Stability of chalcogenide glass solutions for photonic applications",2011,"Optics InfoBase Conference Papers",,"https://www.scopus.com/inward/record.uri?eid=2-s2.0-84893547602&partnerID=40&md5=469e5454e53f01966e371955184b49f0",Conference Paper,"Final",Scopus
"Peabody C., Arnold C.B.","The role of mechanically induced separator creep in lithium-ion battery capacity fade",2011,"Journal of Power Sources",170,"https://www.scopus.com/inward/record.uri?eid=2-s2.0-79960555040&doi=10.1016%2fj.jpowsour.2011.05.023&partnerID=40&md5=8f19eaf8889bd86a0937ba697485ec8b",Article,"Final",Scopus
"Kattamis N.T., Brown M.S., Arnold C.B.","Finite element analysis of blister formation in laser-induced forward transfer",2011,"Journal of Materials Research",44,"https://www.scopus.com/inward/record.uri?eid=2-s2.0-80053995736&doi=10.1557%2fjmr.2011.215&partnerID=40&md5=3a6e4144c060853d85b16fd6f5b4015a",Article,"Final",Scopus
"Waldmann M., Arnold C.B.","Stability of chalcogenide glass solutions for photonic applications",2011,"2011 Conference on Lasers and Electro-Optics: Laser Science to Photonic Applications, CLEO 2011",2,"https://www.scopus.com/inward/record.uri?eid=2-s2.0-80052133037&partnerID=40&md5=cddc6a6db02210937af1b1db4937dbc3",Conference Paper,"Final",Scopus
"Zha Y., Arnold C.B.","Solution-processed 3D chalcogenide glass waveguides",2011,"2011 Conference on Lasers and Electro-Optics: Laser Science to Photonic Applications, CLEO 2011",1,"https://www.scopus.com/inward/record.uri?eid=2-s2.0-80052129389&partnerID=40&md5=64a5815f18c723b40cfe43e6f4cee879",Conference Paper,"Final",Scopus
"Fardel R., Tsai Y.-C., Arnold C.B.","Speed investigations toward an industrial application of optical trap assisted nanopatterning",2011,"2011 Conference on Lasers and Electro-Optics: Laser Science to Photonic Applications, CLEO 2011",,"https://www.scopus.com/inward/record.uri?eid=2-s2.0-80052126267&partnerID=40&md5=3bc527e5c643e6cddffd907e466e7435",Conference Paper,"Final",Scopus
"Brown M.S., Arnold C.B., Ventikos Y.","Experimental and numerical study of the laser-induced printing of liquid materials",2011,"2011 Conference on Lasers and Electro-Optics: Laser Science to Photonic Applications, CLEO 2011",,"https://www.scopus.com/inward/record.uri?eid=2-s2.0-80052111854&partnerID=40&md5=f79694de56fae9748ac0ff47f28ec051",Conference Paper,"Final",Scopus
"Brown M.S., Kattamis N.T., Arnold C.B.","Time-resolved dynamics of laser-induced micro-jets from thin liquid films",2011,"Microfluidics and Nanofluidics",76,"https://www.scopus.com/inward/record.uri?eid=2-s2.0-84855976613&doi=10.1007%2fs10404-011-0787-4&partnerID=40&md5=de0af0fd63fb342bfb73302415d6830a",Article,"Final",Scopus
"Chen J., Bly R.A., Saad M.M., Alkhodary M.A., El-Backly R.M., Cohen D.J., Kattamis N., Fatta M.M., Moore W.A., Arnold C.B., Marei M.K., Soboyejo W.O.","In-vivo study of adhesion and bone growth around implanted laser groove/RGD-functionalized Ti-6Al-4V pins in rabbit femurs",2011,"Materials Science and Engineering C",25,"https://www.scopus.com/inward/record.uri?eid=2-s2.0-79956067849&doi=10.1016%2fj.msec.2010.12.019&partnerID=40&md5=1217cf7153dd3d2b8eea1a113e6cc79c",Article,"Final",Scopus
"Tsai Y.-C., Fardel R., Arnold C.B.","Nanopatterning on rough surfaces using optically trapped microspheres",2011,"Applied Physics Letters",17,"https://www.scopus.com/inward/record.uri?eid=2-s2.0-79959337008&doi=10.1063%2f1.3598427&partnerID=40&md5=b676b95e5e213880336f12574556502d",Article,"Final",Scopus
"Sanchez E.A., Waldmann M., Arnold C.B.","Chalcogenide glass microlenses by inkjet printing",2011,"Applied Optics",33,"https://www.scopus.com/inward/record.uri?eid=2-s2.0-79958746618&doi=10.1364%2fAO.50.001974&partnerID=40&md5=47c721d687f2f253ad588e80ff4a25da",Article,"Final",Scopus
"Atre A.C., Arnold C.B.","LiCoO2 texturing by laser induced forward transfer for printed microbatteries",2011,"Proceedings of SPIE - The International Society for Optical Engineering",4,"https://www.scopus.com/inward/record.uri?eid=2-s2.0-79953101959&doi=10.1117%2f12.876467&partnerID=40&md5=49dd9540556b6ad00e821a301879fce8",Conference Paper,"Final",Scopus
"Kawasaki J.K., Arnold C.B.","Synthesis of platinum dendrites and nanowires via directed electrochemical nanowire assembly",2011,"Nano Letters",59,"https://www.scopus.com/inward/record.uri?eid=2-s2.0-79851469019&doi=10.1021%2fnl1039956&partnerID=40&md5=76907e3e3c30f802c2d97b91ee72cd87",Article,"Final",Scopus
"Fardel R., Tsai Y.-C., Arnold C.B.","Speed investigations toward an industrial application of optical trap assisted nanopatterning",2011,"Optics InfoBase Conference Papers",,"https://www.scopus.com/inward/record.uri?eid=2-s2.0-85086490473&doi=10.1364%2fcleo_at.2011.amd2&partnerID=40&md5=36bfb5e5ce41b331030db8cd65106103",Conference Paper,"Final",Scopus
"Duocastella M., Arnold C.B.","Study of the transient behavior of a tunable acoustic gradient index lens for laser processing",2011,"2011 Conference on Lasers and Electro-Optics: Laser Science to Photonic Applications, CLEO 2011",,"https://www.scopus.com/inward/record.uri?eid=2-s2.0-80052108357&doi=10.1364%2fcleo_at.2011.jmg3&partnerID=40&md5=3ab2845c4c7185641a9f928b244971cd",Conference Paper,"Final",Scopus
"Kattamis N.T., McDaniel N.D., Bernhard S., Arnold C.B.","Ambient laser direct-write printing of a patterned organo-metallic electroluminescent device",2011,"Organic Electronics",33,"https://www.scopus.com/inward/record.uri?eid=2-s2.0-79955504409&doi=10.1016%2fj.orgel.2011.03.032&partnerID=40&md5=f9e41907d8bd803007e6c0699b1b7c76",Article,"Final",Scopus
"Tsay C., Zha Y., Arnold C.B.","Solution-processed chalcogenide glass for integrated single-mode mid-infrared waveguides",2010,"Optics Express",76,"https://www.scopus.com/inward/record.uri?eid=2-s2.0-78650066541&doi=10.1364%2fOE.18.026744&partnerID=40&md5=b1bfa117dc93fad073ba19dd8a2c9b17",Article,"Final",Scopus
"Brown M.S., Kattamis N.T., Arnold C.B.","Time-resolved study of polyimide film absorbing layers for laser-induced forward transfer",2010,"Optics InfoBase Conference Papers",,"https://www.scopus.com/inward/record.uri?eid=2-s2.0-84896772328&partnerID=40&md5=376f3e40d6a99c08a4b5a101d610aca0",Conference Paper,"Final",Scopus
"Kattamis N., Brown M., Arnold C.B.","Incident beam shape effects on thick-film laser induced forward transfer",2010,"Optics InfoBase Conference Papers",,"https://www.scopus.com/inward/record.uri?eid=2-s2.0-84896743149&partnerID=40&md5=57196b9a421b24cb8c38cffd86de7347",Conference Paper,"Final",Scopus
"Song S., Carlie N., Petit L., Richardson K., Arnold C.B.","Spin-coated Ge23Sb7S70 thin films with Large photo-induced refractive index change",2010,"Optics InfoBase Conference Papers",,"https://www.scopus.com/inward/record.uri?eid=2-s2.0-84894097633&partnerID=40&md5=52df95b03cc7930ec81d38be32f5cbaa",Conference Paper,"Final",Scopus
"Brown M.S., Kattamis N.T., Arnold C.B.","Time-resolved study of polyimide film absorbing layers for laser-induced forward transfer",2010,"Optics InfoBase Conference Papers",,"https://www.scopus.com/inward/record.uri?eid=2-s2.0-84894094769&partnerID=40&md5=ce63ccb1a588bf7a90f0df1c1b58b85e",Conference Paper,"Final",Scopus
"Olivier N., Mozet W.T., Mermillod-Blondin A., Beaurepaire E., Arnold C.B.","Liquid lens approaches for simultaneous standard and extended depth of field imaging",2010,"Optics InfoBase Conference Papers",,"https://www.scopus.com/inward/record.uri?eid=2-s2.0-84894038999&partnerID=40&md5=6b8f94fb69aea493d7274ec1e925589a",Conference Paper,"Final",Scopus
"Tsai Y.-C., Fardel R., Arnold C.B.","Generating sub-micron features on rough surfaces using optical trap assisted nanopatterning",2010,"AIP Conference Proceedings",8,"https://www.scopus.com/inward/record.uri?eid=2-s2.0-78649248451&doi=10.1063%2f1.3507134&partnerID=40&md5=3e52711407d1fb2f82849a0da93b0762",Conference Paper,"Final",Scopus
"Bailey S.C.C., Kunkel G.J., Hultmark M., Vallikivi M., Hill J.P., Meyer K.A., Tsay C., Arnold C.B., Smits A.J.","Turbulence measurements using a nanoscale thermal anemometry probe",2010,"Journal of Fluid Mechanics",127,"https://www.scopus.com/inward/record.uri?eid=2-s2.0-78649918288&doi=10.1017%2fS0022112010003447&partnerID=40&md5=571720c26ad281fc63f4274390ef84c6",Article,"Final",Scopus
"Nguyen T.D., Nagarah J.M., Qi Y., Nonnenmann S.S., Morozov A.V., Li S., Arnold C.B., McAlpine M.C.","Wafer-scale nanopatterning and translation into high-performance piezoelectric nanowires",2010,"Nano Letters",40,"https://www.scopus.com/inward/record.uri?eid=2-s2.0-78449280686&doi=10.1021%2fnl102619c&partnerID=40&md5=a3dd1b95c3dcddb0e6f5d773bf1f693a",Article,"Final",Scopus
"Tsay C., Toor F., Gmachl C.F., Arnold C.B.","Chalcogenide glass waveguides integrated with quantum cascade lasers for on-chip mid-IR photonic circuits",2010,"Optics Letters",41,"https://www.scopus.com/inward/record.uri?eid=2-s2.0-78549254904&doi=10.1364%2fOL.35.003324&partnerID=40&md5=522b3eb3bd74caa16a6c1570d08c877e",Article,"Final",Scopus
"Tsay C., Mujagié E., Gmachl C., Arnold C.B.","Integrated mid-infrared chalcogenide glass waveguide and quantum cascade laser",2010,"Lasers and Electro-Optics/Quantum Electronics and Laser Science Conference: 2010 Laser Science to Photonic Applications, CLEO/QELS 2010",,"https://www.scopus.com/inward/record.uri?eid=2-s2.0-77957583812&partnerID=40&md5=7e6e0417fabd746c26f50c6cafffb999",Conference Paper,"Final",Scopus
"Fardel R., Tsai Y.-C., Arnold C.B.","Optical trap assisted nanopatterning for structured surfaces",2010,"Lasers and Electro-Optics/Quantum Electronics and Laser Science Conference: 2010 Laser Science to Photonic Applications, CLEO/QELS 2010",,"https://www.scopus.com/inward/record.uri?eid=2-s2.0-77957581451&partnerID=40&md5=91d44a79b9a052545adced1d00a8dd85",Conference Paper,"Final",Scopus
"Brown M.S., Kattamis N.T., Arnold C.B.","Time-resolved study of polyimide film absorbing layers for laser-induced forward transfer",2010,"Lasers and Electro-Optics/Quantum Electronics and Laser Science Conference: 2010 Laser Science to Photonic Applications, CLEO/QELS 2010",,"https://www.scopus.com/inward/record.uri?eid=2-s2.0-77957562712&partnerID=40&md5=c3a21f1a7e412d527e20339ed47578b8",Conference Paper,"Final",Scopus
"Kattamis N., Brown M., Arnold C.B.","Incident beam shape effects on thick-film laser induced forward transfer",2010,"Lasers and Electro-Optics/Quantum Electronics and Laser Science Conference: 2010 Laser Science to Photonic Applications, CLEO/QELS 2010",2,"https://www.scopus.com/inward/record.uri?eid=2-s2.0-77957560979&partnerID=40&md5=edb50b2d61fa7ca6727783ca1072785d",Conference Paper,"Final",Scopus
"Xia X., Chen Q., Tsay C., Arnold C.B., Madsen C.K.","Low-loss chalcogenide waveguides on lithium niobate for the mid-infrared",2010,"Optics Letters",41,"https://www.scopus.com/inward/record.uri?eid=2-s2.0-78149271783&doi=10.1364%2fOL.35.003228&partnerID=40&md5=af2a217e5c8a0af24fea44a6286aad67",Article,"Final",Scopus
"Fardel R., McLeod E., Tsai Y.-C., Arnold C.B.","Nanoscale ablation through optically trapped microspheres",2010,"Applied Physics A: Materials Science and Processing",15,"https://www.scopus.com/inward/record.uri?eid=2-s2.0-78049334736&doi=10.1007%2fs00339-010-5792-z&partnerID=40&md5=23c7230bdcfb1bbd8ed05ca9ac29e9fb",Article,"Final",Scopus
"Tsay C., Mujagić E., Madsen C.K., Gmachl C.F., Arnold C.B.","Mid-infrared characterization of solution-processed As2S 3 chalcogenide glass waveguides",2010,"Optics Express",74,"https://www.scopus.com/inward/record.uri?eid=2-s2.0-77954929745&doi=10.1364%2fOE.18.015523&partnerID=40&md5=e678b5bfe4a9604907f13e48cde9880d",Article,"Final",Scopus
"Brown M.S., Kattamis N.T., Arnold C.B.","Time-resolved study of polyimide absorption layers for blister-actuated laser-induced forward transfer",2010,"Journal of Applied Physics",90,"https://www.scopus.com/inward/record.uri?eid=2-s2.0-77952352385&doi=10.1063%2f1.3327432&partnerID=40&md5=ebd4e1fcaa3a2e1d006b0f9c8c995936",Article,"Final",Scopus
"Song S., Dua J., Arnold C.B.","Influence of annealing conditions on the optical and structural properties of spin-coated As2S3 chalcogenide glass thin films",2010,"Optics Express",66,"https://www.scopus.com/inward/record.uri?eid=2-s2.0-77949648296&doi=10.1364%2fOE.18.005472&partnerID=40&md5=ce05b523e6d1159aaaa68baa02d16115",Article,"Final",Scopus
"Fardel R., Tsai Y.-C., Arnold C.B.","Optical trap assisted nanopatterning for structured surfaces",2010,"Optics InfoBase Conference Papers",,"https://www.scopus.com/inward/record.uri?eid=2-s2.0-85087187899&doi=10.1364%2fcleo.2010.cmr2&partnerID=40&md5=d3b55da4de50623977bfc877008d518f",Conference Paper,"Final",Scopus
"Kattamis N., Brown M., Arnold C.B.","Incident beam shape effects on thick-film laser induced forward transfer",2010,"Optics InfoBase Conference Papers",,"https://www.scopus.com/inward/record.uri?eid=2-s2.0-85086490928&doi=10.1364%2fcleo.2010.jtua5&partnerID=40&md5=a7ee61e5640fe3f5d90a1e1b5601ae59",Conference Paper,"Final",Scopus
"Tsay C., Mujagic E., Gmachl C., Arnold C.B.","Integrated mid-infrared chalcogenide glass waveguide and quantum cascade laser",2010,"Optics InfoBase Conference Papers",,"https://www.scopus.com/inward/record.uri?eid=2-s2.0-85085774906&doi=10.1364%2fcleo.2010.cwg6&partnerID=40&md5=35d16148bdcca92a392ac557ec9dd5dd",Conference Paper,"Final",Scopus
"Brown M.S., Arnold C.B.","Fundamentals of Laser-Material Interaction and Application to Multiscale Surface Modification",2010,"Springer Series in Materials Science",253,"https://www.scopus.com/inward/record.uri?eid=2-s2.0-84989941183&doi=10.1007%2f978-3-642-10523-4_4&partnerID=40&md5=d3b0e7879eb15b768331c57ec572c1bb",Book Chapter,"Final",Scopus
"Olivier N., Mozet W.T., Mermillod-Blondin A., Beaurepaire E., Arnold C.B.","Liquid lens approaches for simultaneous standard and extended depth of field imaging",2010,"Lasers and Electro-Optics/Quantum Electronics and Laser Science Conference: 2010 Laser Science to Photonic Applications, CLEO/QELS 2010",,"https://www.scopus.com/inward/record.uri?eid=2-s2.0-77957595036&doi=10.1364%2fcleo.2010.ctht6&partnerID=40&md5=41bd733ce75c5e03b8844d5ed1858cc7",Conference Paper,"Final",Scopus
"Song S., Carlie N., Petit L., Richardson K., Arnold C.B.","Spin-coated Ge23Sb7S70 thin films with large photo-induced refractive index change",2010,"Lasers and Electro-Optics/Quantum Electronics and Laser Science Conference: 2010 Laser Science to Photonic Applications, CLEO/QELS 2010",2,"https://www.scopus.com/inward/record.uri?eid=2-s2.0-77957555824&doi=10.1364%2fcleo.2010.ctug6&partnerID=40&md5=d47cc160d0338054b186cf763c39a962",Conference Paper,"Final",Scopus
"McLeod E., Arnold C.B.","Parallel direct-write nanolithography using arrays of optically trapped microlenses",2009,"Optics InfoBase Conference Papers",,"https://www.scopus.com/inward/record.uri?eid=2-s2.0-84894099968&partnerID=40&md5=f6e6d9f118ed0c6be3caba069919726f",Conference Paper,"Final",Scopus
"Kattamis N.T., McDaniel N.D., Bernhard S., Arnold C.B.","Effect of laser transfer mechanism on damage to organic semiconducting molecules during laser direct-write printing",2009,"Optics InfoBase Conference Papers",,"https://www.scopus.com/inward/record.uri?eid=2-s2.0-84894085026&partnerID=40&md5=ec34935dc92bfb23a03fdfbc53654e6d",Conference Paper,"Final",Scopus
"Yan J., Mermillod-Blondin A., McLeod E., Arnold C.B.","Rapidly tunable acoustic gradient index lenses for pulsed imaging and laser processing",2009,"Optics InfoBase Conference Papers",,"https://www.scopus.com/inward/record.uri?eid=2-s2.0-84894075939&partnerID=40&md5=60b5956286d3c66b3368562651e9c2b6",Conference Paper,"Final",Scopus
"Song S., Carlie N., Petit L., Richardson K., Arnold C.B.","Spin-coating of Ge23Sb7S70 chalcogenide glass thin films",2009,"Optics InfoBase Conference Papers",,"https://www.scopus.com/inward/record.uri?eid=2-s2.0-84894052935&partnerID=40&md5=791e447d986e6a68bcd04e0df70cd790",Conference Paper,"Final",Scopus
"Tsay C., Mujagic E., Gmachl C.F., Arnold C.B.","Solution-cast As2S3 raised strip waveguides for integrated mid-IR optics",2009,"2009 Conference on Lasers and Electro-Optics and 2009 Conference on Quantum Electronics and Laser Science Conference, CLEO/QELS 2009",,"https://www.scopus.com/inward/record.uri?eid=2-s2.0-71049144428&partnerID=40&md5=5e63b18bc560e93fbf1f5f23d21fd8e8",Conference Paper,"Final",Scopus
"Song S., Carlie N., Boudies J., Petit L., Richardson K., Arnold C.B.","Spin-coating of Ge23Sb7S70 chalcogenide glass thin films",2009,"Journal of Non-Crystalline Solids",60,"https://www.scopus.com/inward/record.uri?eid=2-s2.0-70349348924&doi=10.1016%2fj.jnoncrysol.2009.07.015&partnerID=40&md5=de4f28ae4949dad2d4cd212ec066001e",Article,"Final",Scopus
"Olivier N., Mermillod-Blondin A., Arnold C.B., Beaurepaire E.","Two-photon microscopy with simultaneous standard and extended depth of field using a tunable acoustic gradient-index lens",2009,"Optics Letters",59,"https://www.scopus.com/inward/record.uri?eid=2-s2.0-67649364233&doi=10.1364%2fOL.34.001684&partnerID=40&md5=949ff6b9367301847df5f36415b52491",Article,"Final",Scopus
"Chen J., Ulerich J.P., Abelev E., Fasasi A., Arnold C.B., Soboyejo W.O.","An investigation of the initial attachment and orientation of osteoblast-like cells on laser grooved Ti-6Al-4V surfaces",2009,"Materials Science and Engineering C",77,"https://www.scopus.com/inward/record.uri?eid=2-s2.0-64849110058&doi=10.1016%2fj.msec.2008.11.014&partnerID=40&md5=4efd9fd6e6851b62aa763fcb734b1485",Article,"Final",Scopus
"Kattamis N.T., McDaniel N.D., Bernhard S., Arnold C.B.","Laser direct write printing of sensitive and robust light emitting organic molecules",2009,"Applied Physics Letters",65,"https://www.scopus.com/inward/record.uri?eid=2-s2.0-62549153600&doi=10.1063%2f1.3098375&partnerID=40&md5=411743a9378e854366996d8b60d49539",Article,"Final",Scopus
"McLeod E., Arnold C.B.","Array-based optical nanolithography using optically trapped microlenses",2009,"Optics Express",45,"https://www.scopus.com/inward/record.uri?eid=2-s2.0-61549129336&doi=10.1364%2fOE.17.003640&partnerID=40&md5=434695ca8ef093c5eb547623959e6835",Article,"Final",Scopus
"Tsay C., Mujagic E., Gmachl C.F., Arnold C.B.","Solution-cast As2S3 raised strip waveguides for integrated mid-IR optics",2009,"Optics InfoBase Conference Papers",,"https://www.scopus.com/inward/record.uri?eid=2-s2.0-85087597591&doi=10.1364%2fcleo.2009.ctuo2&partnerID=40&md5=3168895d86d411edd0961d62ad369286",Conference Paper,"Final",Scopus
"Song S., Carlie N., Petit L., Richardson K., Arnold C.B.","Spin-coating of Ge23Sb7S70 chalcogenide glass thin films",2009,"Optics InfoBase Conference Papers",,"https://www.scopus.com/inward/record.uri?eid=2-s2.0-85085777388&doi=10.1364%2fcleo.2009.jthe41&partnerID=40&md5=78f005325ea8d2e88da4f76aa54bd06b",Conference Paper,"Final",Scopus
"Kattamis N.T., McDaniel N.D., Bernhard S., Arnold C.B.","Effect of laser transfer mechanism on damage to organic semiconducting molecules during laser direct-write printing",2009,"2009 Conference on Lasers and Electro-Optics and 2009 Conference on Quantum Electronics and Laser Science Conference, CLEO/QELS 2009",,"https://www.scopus.com/inward/record.uri?eid=2-s2.0-71049159575&doi=10.1364%2fcleo.2009.cthee3&partnerID=40&md5=8b9e69fd4f600c740764da385477b593",Conference Paper,"Final",Scopus
"McLeod E., Arnold C.B.","Parallel direct-write nanolithography using arrays of optically trapped microlenses",2009,"2009 Conference on Lasers and Electro-Optics and 2009 Conference on Quantum Electronics and Laser Science Conference, CLEO/QELS 2009",,"https://www.scopus.com/inward/record.uri?eid=2-s2.0-71049141747&doi=10.1364%2fcleo.2009.cthg2&partnerID=40&md5=b4a3604635a5b9369dfeecab64ae2719",Conference Paper,"Final",Scopus
"Yan J., Mermillod-Blondin A., McLeod E., Arnold C.B.","Rapidly tunable acoustic gradient index lenses for pulsed imaging and laser processing",2009,"2009 Conference on Lasers and Electro-Optics and 2009 Conference on Quantum Electronics and Laser Science Conference, CLEO/QELS 2009",1,"https://www.scopus.com/inward/record.uri?eid=2-s2.0-71049140384&doi=10.1364%2fcleo.2009.cfi4&partnerID=40&md5=6c73695b5ad0e19438c8fae26b01fcdf",Conference Paper,"Final",Scopus
"Fasasi A.Y., Mwenifumbo S., Rahbar N., Chen J., Li M., Beye A.C., Arnold C.B., Soboyejo W.O.","Nano-second UV laser processed micro-grooves on Ti6Al4V for biomedical applications",2009,"Materials Science and Engineering C",95,"https://www.scopus.com/inward/record.uri?eid=2-s2.0-61349155517&doi=10.1016%2fj.msec.2008.05.002&partnerID=40&md5=81ec2287681244051f979e285705132c",Article,"Final",Scopus
"Mermillod-Blondin A., McLeod E., Arnold C.B.","Dynamic pulsed-beam shaping using a TAG lens in the near UV",2008,"Applied Physics A: Materials Science and Processing",16,"https://www.scopus.com/inward/record.uri?eid=2-s2.0-49649095339&doi=10.1007%2fs00339-008-4653-5&partnerID=40&md5=e261c4118280ee1a280146a1198e1e9c",Article,"Final",Scopus
"Mermillod-Blondin A., McLeod E., Arnold C.B.","High-speed varifocal imaging with a tunable acoustic gradient index of refraction lens",2008,"Optics Letters",152,"https://www.scopus.com/inward/record.uri?eid=2-s2.0-54749125078&doi=10.1364%2fOL.33.002146&partnerID=40&md5=e7a8897e44d09d3cdea9d2596477184e",Article,"Final",Scopus
"McLeod E., Arnold C.B.","Laser direct write near-field nanopatterning using optically trapped microspheres",2008,"2008 Conference on Quantum Electronics and Laser Science Conference on Lasers and Electro-Optics, CLEO/QELS",3,"https://www.scopus.com/inward/record.uri?eid=2-s2.0-51349139650&doi=10.1109%2fCLEO.2008.4551309&partnerID=40&md5=5a689e468b4f2dde3e6ba9bf3a0935f6",Conference Paper,"Final",Scopus
"McLeod E., Mermillod-Blondin A., Arnold C.B.","Rapid beam shaping using tunable acoustic gradient index of refraction lenses",2008,"2008 Conference on Quantum Electronics and Laser Science Conference on Lasers and Electro-Optics, CLEO/QELS",,"https://www.scopus.com/inward/record.uri?eid=2-s2.0-51349102735&doi=10.1109%2fCLEO.2008.4551260&partnerID=40&md5=8d4cb104bcf88cf6dedc8b4358b1b5bc",Conference Paper,"Final",Scopus
"Song S., Tsay C., Arnold C.B.","Solvent-casting deposition of chalcogenide glass for photonic applications",2008,"2008 Conference on Quantum Electronics and Laser Science Conference on Lasers and Electro-Optics, CLEO/QELS",,"https://www.scopus.com/inward/record.uri?eid=2-s2.0-51349093951&doi=10.1109%2fCLEO.2008.4551352&partnerID=40&md5=b91a21006cd4b4f2bb081c234e9d2728",Conference Paper,"Final",Scopus
"McLeod E., Arnold C.B.","Optical analysis of time-averaged multiscale Bessel beams generated by a tunable acoustic gradient index of refraction lens",2008,"Applied Optics",15,"https://www.scopus.com/inward/record.uri?eid=2-s2.0-51949086434&doi=10.1364%2fAO.47.003609&partnerID=40&md5=93fa6ef9194a81092e8e185711bffa58",Article,"Final",Scopus
"Song S., Tsay C., Arnold C.B.","Solvent-casting deposition of chalcogenide glass for photonic applications",2008,"Optics InfoBase Conference Papers",,"https://www.scopus.com/inward/record.uri?eid=2-s2.0-84898657813&partnerID=40&md5=221f7cc10073ef0c0aaeb12d12cf7fc3",Conference Paper,"Final",Scopus
"McLeod E., Arnold C.B.","Laser direct write near-field nanopatterning using optically trapped microspheres",2008,"Optics InfoBase Conference Papers",,"https://www.scopus.com/inward/record.uri?eid=2-s2.0-84898655819&partnerID=40&md5=0812682cba5e0a3c831ba00dcd3f7b22",Conference Paper,"Final",Scopus
"McLeod E., Mermillod-Blondin A., Arnold C.B.","Rapid beam shaping using tunable acoustic gradient index of refraction lenses",2008,"Optics InfoBase Conference Papers",,"https://www.scopus.com/inward/record.uri?eid=2-s2.0-84898618348&partnerID=40&md5=af96a052f5d3b5657a692fcdab2ced92",Conference Paper,"Final",Scopus
"Joy J., McLeod E., Arnold C.B.","Optical trap assisted nanoscale laser direct-write patterning",2008,"ICALEO 2008 - 27th International Congress on Applications of Lasers and Electro-Optics, Congress Proceedings",,"https://www.scopus.com/inward/record.uri?eid=2-s2.0-75149115039&doi=10.2351%2f1.5061405&partnerID=40&md5=35260c2af74e6f8cb3908ee5826e3f72",Conference Paper,"Final",Scopus
"McLeod E., Arnold C.B.","Subwavelength direct-write nanopatterning using optically trapped microspheres",2008,"Nature Nanotechnology",316,"https://www.scopus.com/inward/record.uri?eid=2-s2.0-46749086174&doi=10.1038%2fnnano.2008.150&partnerID=40&md5=edf9c9d6cc93c7b9853714347afb36ba",Article,"Final",Scopus
"McLeod E., Arnold C.B.","Multiscale bessel beams from tunable acoustic gradient index of refraction lenses",2007,"Conference on Lasers and Electro-Optics, 2007, CLEO 2007",,"https://www.scopus.com/inward/record.uri?eid=2-s2.0-82955233725&doi=10.1109%2fCLEO.2007.4453267&partnerID=40&md5=305cefaf8e2817648418b87e7e826696",Conference Paper,"Final",Scopus
"Song S., Gmachl C.F., Arnold C.B.","Solvent-casting of photo-refractive chalcogenide glasses and their application in Quantum Cascade laser tuning",2007,"Conference on Lasers and Electro-Optics, 2007, CLEO 2007",1,"https://www.scopus.com/inward/record.uri?eid=2-s2.0-82955213934&doi=10.1109%2fCLEO.2007.4452536&partnerID=40&md5=dcba849790bc48fd4dd30e7ba25bc2f6",Conference Paper,"Final",Scopus
"McLeod E., Arnold C.B.","Multiscale bessel beams from tunable acoustic gradient index of refraction lenses",2007,"Conference on Quantum Electronics and Laser Science (QELS) - Technical Digest Series",,"https://www.scopus.com/inward/record.uri?eid=2-s2.0-51549111872&doi=10.1109%2fQELS.2007.4431044&partnerID=40&md5=0b0550f6ca4cd0d862d66214354e8d3e",Conference Paper,"Final",Scopus
"Arnold C.B., McLeod E.","A new approach to adaptive optics for materials processing",2007,"Photonics Spectra",2,"https://www.scopus.com/inward/record.uri?eid=2-s2.0-36448982120&partnerID=40&md5=5be8096bf9ccb54da143fdc0524037c5",Article,"Final",Scopus
"Kattamis N.T., Purnick P.E., Weiss R., Arnold C.B.","Thick film laser induced forward transfer for deposition of thermally and mechanically sensitive materials",2007,"Applied Physics Letters",183,"https://www.scopus.com/inward/record.uri?eid=2-s2.0-35549008874&doi=10.1063%2f1.2799877&partnerID=40&md5=7ce46f5b9e5ae563e5538a435b16dd92",Article,"Final",Scopus
"McLeod E., Arnold C.B.","Mechanics and refractive power optimization of tunable acoustic gradient lenses",2007,"Journal of Applied Physics",37,"https://www.scopus.com/inward/record.uri?eid=2-s2.0-34548031642&doi=10.1063%2f1.2763947&partnerID=40&md5=489975203769cdcbdeb0adaa7733a254",Article,"Final",Scopus
"McLeod E., Arnold C.B.","Complex beam sculpting with tunable acoustic gradient index lenses",2007,"Proceedings of SPIE - The International Society for Optical Engineering",3,"https://www.scopus.com/inward/record.uri?eid=2-s2.0-34248646563&doi=10.1117%2f12.701099&partnerID=40&md5=c5277a9587cdaead56c88d8f7f71e060",Conference Paper,"Final",Scopus
"Ulerich J.P., Ionescu L.C., Chen J., Soboyejo W.O., Arnold C.B.","Modifications of Ti-6Al-4V surfaces by direct-write laser machining of linear grooves",2007,"Proceedings of SPIE - The International Society for Optical Engineering",38,"https://www.scopus.com/inward/record.uri?eid=2-s2.0-34248401653&doi=10.1117%2f12.713964&partnerID=40&md5=adc120b4177177efa5a0467ce46b780b",Conference Paper,"Final",Scopus
"McLeod E., Arnold C.B.","Multiscale bessel beams from tunable acoustic gradient index of refraction lenses",2007,"Optics InfoBase Conference Papers",,"https://www.scopus.com/inward/record.uri?eid=2-s2.0-84899051847&partnerID=40&md5=e1849ed6d73eca93ae73380fec9a9fe1",Conference Paper,"Final",Scopus
"McLeod E., Arnold C.B.","Multiscale bessel beams from tunable acoustic gradient index of refraction lenses",2007,"Optics InfoBase Conference Papers",,"https://www.scopus.com/inward/record.uri?eid=2-s2.0-84898973753&partnerID=40&md5=f64937cea1cbedba98dd089d656fd82d",Conference Paper,"Final",Scopus
"Song S., Gmachl C.F., Arnold C.B.","Solvent-casting of photo-refractive chalcogenide glasses and their application in quantum cascade laser tuning",2007,"Optics InfoBase Conference Papers",,"https://www.scopus.com/inward/record.uri?eid=2-s2.0-84898941857&partnerID=40&md5=3e3bb2f2ab54a22993182a72c626e19a",Conference Paper,"Final",Scopus
"McLeod E., Arnold C.B.","Multiscale bessel beams from tunable acoustic gradient index of refraction lenses",2007,"Optics InfoBase Conference Papers",,"https://www.scopus.com/inward/record.uri?eid=2-s2.0-84898937184&partnerID=40&md5=d6eee26a5006d664b4ff9f2639d0e834",Conference Paper,"Final",Scopus
"Arnold C.B., Piqué A.","Laser direct-write processing",2007,"MRS Bulletin",75,"https://www.scopus.com/inward/record.uri?eid=2-s2.0-33846809263&doi=10.1557%2fmrs2007.9&partnerID=40&md5=0a9210bfd160318f9edd17bc199abd30",Article,"Final",Scopus
"Arnold C.B., Serra P., Piqué A.","Laser direct-write techniques for printing of complex materials",2007,"MRS Bulletin",330,"https://www.scopus.com/inward/record.uri?eid=2-s2.0-33846796250&doi=10.1557%2fmrs2007.11&partnerID=40&md5=5010aa8c90181fdc5cb444ec95fc7489",Review,"Final",Scopus
"Piquá A., Kim H., Arnold C.B.","Laser forward transfer of electronic and power generating materials",2006,"Springer Series in Optical Sciences",14,"https://www.scopus.com/inward/record.uri?eid=2-s2.0-33846379626&doi=10.1007%2f978-0-387-30453-3_14&partnerID=40&md5=e030bf5daf435fdfbd1b3d92083e517a",Article,"Final",Scopus
"Tsai T., McLeod E., Arnold C.B.","Generating Bessel beams with a tunable acoustic gradient index of refraction lens",2006,"Proceedings of SPIE - The International Society for Optical Engineering",19,"https://www.scopus.com/inward/record.uri?eid=2-s2.0-33751410049&doi=10.1117%2f12.682945&partnerID=40&md5=fddd7f58dd8dbd4b3e3705d7b4c97ffd",Conference Paper,"Final",Scopus
"McLeod E., Hopkins A.B., Arnold C.B.","Multiscale Bessel beams generated by a tunable acoustic gradient index of refraction lens",2006,"Optics Letters",81,"https://www.scopus.com/inward/record.uri?eid=2-s2.0-33751322532&doi=10.1364%2fOL.31.003155&partnerID=40&md5=ec715f599aa4e31dc0fbf7d417ed407b",Article,"Final",Scopus
"Song S., Howard S.S., Liu Z., Dirisu A.O., Gmachl C.F., Arnold C.B.","Mode tuning of quantum cascade lasers through optical processing of chalcogenide glass claddings",2006,"Applied Physics Letters",65,"https://www.scopus.com/inward/record.uri?eid=2-s2.0-33746612064&doi=10.1063%2f1.2236296&partnerID=40&md5=da95e73658767f15001645123e24c829",Article,"Final",Scopus
"Sutto T.E., Ollinger M., Kim H., Arnold C.B., Piqué A.","Laser transferable polymer-ionic liquid separator/electrolytes for solid-state rechargeable lithium-ion microbatteries",2006,"Electrochemical and Solid-State Letters",31,"https://www.scopus.com/inward/record.uri?eid=2-s2.0-33645529912&doi=10.1149%2f1.2142158&partnerID=40&md5=75c8571875c4847c0fe86b780fa71474",Article,"Final",Scopus
"Kunkel G.J., Arnold C.B., Smits A.J.","Development of NSTAP: Nanoscale thermal anemometry probe",2006,"Collection of Technical Papers - 36th AIAA Fluid Dynamics Conference",10,"https://www.scopus.com/inward/record.uri?eid=2-s2.0-33845243926&doi=10.2514%2f6.2006-3718&partnerID=40&md5=1ad6df4706cadd224762e02fb719f2d2",Conference Paper,"Final",Scopus
"Arnold C.B., Aziz M.J.","Unified kinetic model of dopant segregation during vapor-phase growth",2005,"Physical Review B - Condensed Matter and Materials Physics",22,"https://www.scopus.com/inward/record.uri?eid=2-s2.0-29844447383&doi=10.1103%2fPhysRevB.72.195419&partnerID=40&md5=09e9b57f6e6d4f6ab338e35e1b1ff6eb",Article,"Final",Scopus
"Recht D.L., Liu Z., Rahman K.R., Gmachl C.F., Arnold C.B.","Quantum cascade lasers tuned by amorphous As2S3 claddings",2005,"Proceedings of SPIE - The International Society for Optical Engineering",1,"https://www.scopus.com/inward/record.uri?eid=2-s2.0-23744490968&doi=10.1117%2f12.599080&partnerID=40&md5=5149f0b28033cdab386b96153ff21e53",Conference Paper,"Final",Scopus
"Piqué A., Pratap B., Mathews S.A., Javis Karns B., Auyeung R.C., Kasser M., Ollinger M., Kim H., Lakeou S., Arnold C.B.","Laser direct-write of embedded electronic components and circuits",2005,"Proceedings of SPIE - The International Society for Optical Engineering",21,"https://www.scopus.com/inward/record.uri?eid=2-s2.0-23744468023&doi=10.1117%2f12.596454&partnerID=40&md5=020f8a0e64305eb1f4cc5801e76ba4e5",Conference Paper,"Final",Scopus
"Arnold C.B., Kim H., Ollinger M., Sutto T.E., Piqué A.","Manufacture of mesoscale energy storage systems by laser-direct write",2004,"Proceedings of SPIE - The International Society for Optical Engineering",4,"https://www.scopus.com/inward/record.uri?eid=2-s2.0-20444425795&doi=10.1117%2f12.596561&partnerID=40&md5=5095ae0ef2ff134c0c2449b3b0ac3b40",Conference Paper,"Final",Scopus
"Piqué A., Mathews S.A., Auyeung R.C., Ollinger M., Kim H., Pratap B., Arnold C.B., Sutto T.E.","Application of laser direct-write techniques for embedding electronic and micropower components",2004,"Proceedings of SPIE - The International Society for Optical Engineering",10,"https://www.scopus.com/inward/record.uri?eid=2-s2.0-20344407564&doi=10.1117%2f12.596562&partnerID=40&md5=5e263c9cfdbc8f51595c86634d09e35c",Conference Paper,"Final",Scopus
"Auyeung R.C.Y., Nurnberger M.W., Wendland D.J., Piqué A., Arnold C.B., Abbott A.R., Schuette L.C.","Laser fabrication of GPS conformal antennas",2004,"Proceedings of SPIE - The International Society for Optical Engineering",20,"https://www.scopus.com/inward/record.uri?eid=2-s2.0-5444274542&doi=10.1117%2f12.532005&partnerID=40&md5=5bbfd94a24c1a1742d66bbcbc0aa27f9",Conference Paper,"Final",Scopus
"Kim H., Piqué A., Kushto G.P., Auyeung R.C.Y., Lee S.H., Arnold C.B., Kafafi Z.H.","Dye-sensitized solar cells using laser processing techniques",2004,"Proceedings of SPIE - The International Society for Optical Engineering",9,"https://www.scopus.com/inward/record.uri?eid=2-s2.0-5444243790&doi=10.1117%2f12.537903&partnerID=40&md5=132c5d981b1f1fdd935243c8a5bd3a17",Conference Paper,"Final",Scopus
"Arnold C.B., Pratap B., Piqué A., Geltmacher A.B., Thomas J.P.","Laser-micromachined defect arrays for DC potential drop fatigue studies",2004,"Proceedings of SPIE - The International Society for Optical Engineering",1,"https://www.scopus.com/inward/record.uri?eid=2-s2.0-5444235741&doi=10.1117%2f12.537794&partnerID=40&md5=18b8e467b5a837dcf8d420196b31b0ae",Conference Paper,"Final",Scopus
"Arnold C.B., Kim H., Piqué A.","Laser direct write of planar alkaline microbatteries",2004,"Applied Physics A: Materials Science and Processing",19,"https://www.scopus.com/inward/record.uri?eid=2-s2.0-3042545696&doi=10.1007%2fs00339-004-2736-5&partnerID=40&md5=a0bd5f8e65ac540e6588579e5d47688e",Article,"Final",Scopus
"Kim H., Kushto G.P., Arnold C.B., Kafafi Z.H., Piqué A.","Laser processing of nanocrystalline TiO 2 films for dye-sensitized solar cells",2004,"Applied Physics Letters",96,"https://www.scopus.com/inward/record.uri?eid=2-s2.0-4043075499&doi=10.1063%2f1.1772870&partnerID=40&md5=0be1f30cde9c11dd3ef0471cee9c97de",Article,"Final",Scopus
"Arnold C.B., Sutto T.E., Kim H., Piqué A.","Direct-write laser processing creates tiny electrochemical systems",2004,"Laser Focus World",24,"https://www.scopus.com/inward/record.uri?eid=2-s2.0-2542437882&partnerID=40&md5=2fe07d566de46f3e202f1a8da6a06064",Review,"Final",Scopus
"Wartena R., Curtright A.E., Arnold C.B., Piqué A., Swider-Lyons K.E.","Li-ion microbatteries generated by a laser direct-write method",2004,"Journal of Power Sources",77,"https://www.scopus.com/inward/record.uri?eid=2-s2.0-0742301673&doi=10.1016%2fj.jpowsour.2003.08.019&partnerID=40&md5=30a1215e18e77cee7c669cffb252ff5d",Article,"Final",Scopus
"Piqué A., Arnold C.B., Kim H., Ollinger M., Sutto T.E.","Rapid prototyping of micropower sources by laser direct-write",2004,"Applied Physics A: Materials Science and Processing",39,"https://www.scopus.com/inward/record.uri?eid=2-s2.0-4344699871&doi=10.1007%2fs00339-004-2586-1&partnerID=40&md5=97e8aa44c4b53766fe31ffa90ef445a3",Conference Paper,"Final",Scopus
"Piqué A., Arnold C.B., Pratap B., Auyeung R.C.Y., Kim H.S., Weir D.W.","Laser direct-write of metal patterns for interconnects and antennas",2003,"Proceedings of SPIE - The International Society for Optical Engineering",19,"https://www.scopus.com/inward/record.uri?eid=2-s2.0-0345293218&doi=10.1117%2f12.479407&partnerID=40&md5=b46f5fcd1784875abe6ecf6845d0534a",Conference Paper,"Final",Scopus
"Arnold C.B., Wartena R.C., Swider-Lyons K.E., Piqué A.","Fabrication of mesoscale energy storage systems by laser direct-write",2003,"Materials Research Society Symposium - Proceedings",8,"https://www.scopus.com/inward/record.uri?eid=2-s2.0-0041965679&partnerID=40&md5=cfa141d8d8aa45610cebf49b7f6cc384",Conference Paper,"Final",Scopus
"Arnold C.B., Piqué A.","Laser direct-write of alkaline microbatteries",2003,"Materials Research Society Symposium - Proceedings",3,"https://www.scopus.com/inward/record.uri?eid=2-s2.0-0041965669&partnerID=40&md5=3e1d99b6d44ae918755d142016d9b656",Conference Paper,"Final",Scopus
"Pratap B., Arnold C.B., Piqué A.","Depth and surface roughness control on laser micromachined polyimide for direct-write deposition",2003,"Proceedings of SPIE - The International Society for Optical Engineering",11,"https://www.scopus.com/inward/record.uri?eid=2-s2.0-0042732913&doi=10.1117%2f12.472801&partnerID=40&md5=6595143a9d7d8db12ca60d71f2ec76f8",Conference Paper,"Final",Scopus
"Arnold C.B., Wartena R.C., Swider-Lyons K.E., Pique A.","Direct-write planar microultracapacitors by laser engineering",2003,"Journal of the Electrochemical Society",51,"https://www.scopus.com/inward/record.uri?eid=2-s2.0-0038178250&doi=10.1149%2f1.1563650&partnerID=40&md5=b25628a2b4b13b39f795b02b27afea4e",Article,"Final",Scopus
"Piqúe A., Auyeung R.C.Y., Stepnowski J.L., Weir D.W., Arnold C.B., McGill R.A., Chrisey D.B.","Laser processing of polymer thin for chemical sensor applications",2003,"Surface and Coatings Technology",86,"https://www.scopus.com/inward/record.uri?eid=2-s2.0-0037472532&doi=10.1016%2fS0257-8972%2802%2900606-0&partnerID=40&md5=de4f65bf428bca67bbfd37ac47b3a412",Article,"Final",Scopus
"Piqué A., Arnold C.B., Wartena R.C., Weir D.W., Pratap B., Swider-Lyons K.E., Kant R.A., Chrisey D.B.","Laser-induced forward transfer direct-write of miniature sensor and microbattery systems",2002,"Proceedings of SPIE - The International Society for Optical Engineering",10,"https://www.scopus.com/inward/record.uri?eid=2-s2.0-0038064490&doi=10.1117%2f12.486567&partnerID=40&md5=41d132624f7824a56cb46d7affd22f29",Conference Paper,"Final",Scopus
"Piqué A., Weir D.W., Wu P.K., Pratap B., Arnold C.B., Ringeisen B.R., McGill R.A., Auyeung R.C.Y., Kant R.A., Chrisey D.B.","Direct-write of sensor devices by a laser forward transfer technique",2002,"Proceedings of SPIE - The International Society for Optical Engineering",15,"https://www.scopus.com/inward/record.uri?eid=2-s2.0-0345407553&doi=10.1117%2f12.470642&partnerID=40&md5=a1f388d00116a689d462a0030548a7c4",Conference Paper,"Final",Scopus
"Arnold C.B., Aziz M.J.","Kinetic modeling of dopant and impurity surface segregation during vapor phase growth: Multiple mechanism approach",2002,"Materials Research Society Symposium - Proceedings",,"https://www.scopus.com/inward/record.uri?eid=2-s2.0-0141538051&doi=10.1557%2fproc-749-w14.3&partnerID=40&md5=23eccd436528096aa298ebf0c4a818ce",Conference Paper,"Final",Scopus
"Arnold C.B., Wartena R.C., Pratap B., Swider-Lyons K.E., Piqué A.","Direct writing of planar ultracapacitors by laser forward transfer processing",2002,"Proceedings of SPIE - The International Society for Optical Engineering",12,"https://www.scopus.com/inward/record.uri?eid=2-s2.0-0036406735&doi=10.1117%2f12.470641&partnerID=40&md5=0d408f2d9817926e28b089e8db7fadd8",Conference Paper,"Final",Scopus
"Arnold C.B., Wartena R.C., Pratap B., Swider-Lyons K.E., Piqué A.","Laser direct writing of hydrous ruthenium dioxide micro-pseudocapacitors",2002,"Materials Research Society Symposium - Proceedings",7,"https://www.scopus.com/inward/record.uri?eid=2-s2.0-0036353710&partnerID=40&md5=42b70655c663d3a5db4e0d026ce0356a",Conference Paper,"Final",Scopus
"Swider-Lyons K.E., Piqué A., Arnold C.B., Wartena R.C.","Direct write microbatteries for next-generation microelectronic devices",2002,"Materials Research Society Symposium - Proceedings",1,"https://www.scopus.com/inward/record.uri?eid=2-s2.0-0036350216&partnerID=40&md5=329a39e9857b1a5489b8c256c546d31c",Conference Paper,"Final",Scopus
"Arnold C.B., Aziz M.J.","Model for dopant and impurity segregation during vapor phase growth",2001,"Materials Research Society Symposium - Proceedings",,"https://www.scopus.com/inward/record.uri?eid=2-s2.0-0035558399&partnerID=40&md5=b468003be1f7a7be8e246d9a9155b4a1",Conference Paper,"Final",Scopus
"Arnold C., Aziz M., Schwarz M., Herlach D.","Parameter-free test of alloy dendrite-growth theory",1999,"Physical Review B - Condensed Matter and Materials Physics",69,"https://www.scopus.com/inward/record.uri?eid=2-s2.0-16644389271&doi=10.1103%2fPhysRevB.59.334&partnerID=40&md5=64ab4a00b33c971476cab2bd19e2095e",Article,"Final",Scopus
"Arnold C.B., Aziz M.J.","Stoichiometry issues in pulsed-laser deposition of alloys grown from multicomponent targets",1999,"Applied Physics A: Materials Science and Processing",60,"https://www.scopus.com/inward/record.uri?eid=2-s2.0-0002997385&doi=10.1007%2fs003390051349&partnerID=40&md5=2c20a5d787b3c33d2959b10596a2a2e2",Article,"Final",Scopus
"Schwarz M., Arnold C.B., Aziz M.J., Herlach D.M.","Dendritic growth velocity and diffusive speed in solidification of undercooled dilute Ni-Zr melts",1997,"Materials Science and Engineering A",32,"https://www.scopus.com/inward/record.uri?eid=2-s2.0-0002947975&doi=10.1016%2fs0921-5093%2896%2910656-0&partnerID=40&md5=57246006067288d0795e45bdc88055ba",Article,"Final",Scopus
"Gluckman B.J., Arnold C.B., Gollub J.P.","Statistical studies of chaotic wave patterns",1995,"Physical Review E",49,"https://www.scopus.com/inward/record.uri?eid=2-s2.0-0001256508&doi=10.1103%2fPhysRevE.51.1128&partnerID=40&md5=5ed910054b739b6c3a43f555df52aa2b",Article,"Final",Scopus
